Name,POS,G,AB,R,H,HR,RBI,SB,BB,BA,OBP,SLG,OPS
Andy Abad*\abadan01,/3,1,1,0,0,0,0,0,0,0,0,0,0
Jeff Abbott\abbotje01,/897,28,42,5,11,0,5,0,3,0.262,0.326,0.333,0.659
Kurt Abbott\abbotku01,/46,6,9,0,2,0,0,1,0,0.222,0.222,0.222,0.444
Paul Abbott\abbotpa01,1,2,4,0,1,0,0,0,0,0.25,0.25,0.25,0.5
Brent Abernathy\abernbr01,4,79,304,43,82,5,33,8,27,0.27,0.328,0.382,0.71
Bobby Abreu*\abreubo01,*9,162,588,118,170,31,110,36,106,0.289,0.393,0.543,0.936
Jose Acevedo\acevejo01,1,18,34,1,4,0,1,0,0,0.118,0.118,0.147,0.265
Juan Acevedo\aceveju01,1,56,3,1,1,0,0,0,0,0.333,0.333,0.667,1
Juan Acevedo\aceveju01,1,36,0,0,0,0,0,0,0,,,,
Juan Acevedo\aceveju01,1,20,3,1,1,0,0,0,0,0.333,0.333,0.667,1
Terry Adams\adamste01,1,41,39,2,2,0,1,0,3,0.051,0.116,0.077,0.193
Benny Agbayani\agbaybe01,7,91,296,28,82,6,27,4,36,0.277,0.364,0.399,0.763
Kurt Ainsworth\ainswku01,/1,2,0,0,0,0,0,0,0,,,,
Israel Alcantara\alcanis01,/739D,14,38,3,10,0,3,1,3,0.263,0.317,0.289,0.607
Cory Aldridge*\aldrico01,/987,8,5,1,0,0,0,0,0,0,0,0,0
Antonio Alfonseca\alfonan01,1,54,0,0,0,0,0,0,0,,,,
Edgardo Alfonzo\alfoned01,*4,124,457,64,111,17,49,5,51,0.243,0.322,0.403,0.725
Luis Alicea#\alicelu01,4D5,113,387,44,106,4,32,8,23,0.274,0.32,0.367,0.687
Chad Allen\allench01,D79,57,175,20,46,4,20,1,19,0.263,0.333,0.429,0.762
Armando Almanza*\almanar01,1,49,0,0,0,0,0,0,0,,,,
Carlos Almanzar\almanca01,1,1,0,0,0,0,0,0,0,,,,
Erick Almonte\almoner01,/6D,8,4,0,2,0,0,2,0,0.5,0.5,0.75,1.25
Roberto Alomar#\alomaro01,*4,157,575,113,193,20,100,30,80,0.336,0.415,0.541,0.956
Sandy Alomar\alomasa02,2,70,220,17,54,4,21,1,12,0.245,0.288,0.345,0.634
Moises Alou\aloumo01,*9/D,136,513,79,170,27,108,5,57,0.331,0.396,0.554,0.949
Brady Anderson*\anderbr01,*97/8D,131,430,50,87,8,45,12,60,0.202,0.311,0.3,0.611
Brian Anderson#\anderbr02,1,31,37,1,5,0,2,0,0,0.135,0.135,0.216,0.351
Garret Anderson*\anderga01,*78D,161,672,83,194,28,123,13,27,0.289,0.314,0.478,0.792
Jimmy Anderson*\anderji02,1,32,59,2,7,0,3,0,4,0.119,0.175,0.136,0.31
Marlon Anderson*\anderma02,*4,147,522,69,153,11,61,8,35,0.293,0.337,0.421,0.758
Matt Anderson\anderma01,1,4,0,0,0,0,0,0,0,,,,
Rick Ankiel*\ankieri01,/1,6,8,1,0,0,0,0,1,0,0.111,0,0.111
Kevin Appier\appieke01,1,31,62,4,7,0,4,0,1,0.113,0.141,0.113,0.254
Alex Arias\ariasal01,5346,70,137,19,31,2,12,1,17,0.226,0.312,0.336,0.648
Tony Armas\armasto02,1,32,53,2,8,0,4,0,0,0.151,0.151,0.17,0.321
Rolando Arrojo\arrojro01,1,3,4,0,0,0,0,0,0,0,0,0,0
Bronson Arroyo\arroybr01,1,23,21,0,1,0,1,0,1,0.048,0.087,0.048,0.135
Andy Ashby\ashbyan01,/1,3,2,1,1,0,1,0,1,0.5,0.667,0.5,1.167
Pedro Astacio\astacpe01,1,24,53,2,5,0,3,0,0,0.094,0.094,0.094,0.189
Pedro Astacio\astacpe01,1,20,42,2,4,0,3,0,0,0.095,0.095,0.095,0.19
Pedro Astacio\astacpe01,/1,4,11,0,1,0,0,0,0,0.091,0.091,0.091,0.182
Justin Atchley*\atchlju01,1,14,1,0,0,0,0,0,0,0,0,0,0
Rich Aurilia\aurilri01,*6,156,636,114,206,37,97,1,47,0.324,0.369,0.572,0.941
Brad Ausmus\ausmubr01,*2,128,422,45,98,5,34,4,30,0.232,0.284,0.341,0.625
Jeff Austin\austije01,1,2,0,0,0,0,0,0,0,,,,
Bruce Aven\avenbr01,/79,21,24,3,8,1,2,0,0,0.333,0.385,0.542,0.926
Manny Aybar\aybarma01,1,17,3,1,3,0,0,0,0,1,1,1,2
Benito Baez*\baezbe01,/1,8,1,0,0,0,0,0,0,0,0,0,0
Danys Baez\baezda01,1,4,0,0,0,0,0,0,0,,,,
Jeff Bagwell\bagweje01,*3,161,600,126,173,39,130,11,106,0.288,0.397,0.568,0.966
Cory Bailey\baileco01,1,4,0,0,0,0,0,0,0,,,,
Harold Baines*\baineha01,D,32,84,3,11,0,6,0,8,0.131,0.202,0.143,0.345
Paul Bako*\bakopa01,2,61,137,19,29,2,15,1,20,0.212,0.312,0.343,0.655
James Baldwin\baldwja01,1,13,28,0,2,0,1,0,0,0.071,0.071,0.107,0.179
James Baldwin\baldwja01,1,1,2,0,0,0,0,0,0,0,0,0,0
James Baldwin\baldwja01,1,12,26,0,2,0,1,0,0,0.077,0.077,0.115,0.192
Rod Barajas\barajro01,2,51,106,9,17,3,9,0,4,0.16,0.191,0.274,0.464
Glen Barker#\barkegl01,8,70,24,12,2,0,1,4,3,0.083,0.233,0.083,0.317
Andy Barkett*\barkean01,/739D,17,46,5,14,1,3,1,4,0.304,0.373,0.413,0.786
John Barnes\barnejo01,/97,9,21,1,1,0,0,0,1,0.048,0.13,0.048,0.178
Larry Barnes*\barnela01,42801,16,40,2,4,1,2,0,1,0.1,0.122,0.175,0.297
Michael Barrett\barremi01,*2,132,472,42,118,6,38,2,25,0.25,0.289,0.367,0.655
Kimera Bartee#\barteki01,/78,12,15,0,0,0,1,0,2,0,0.158,0,0.158
Miguel Batista\batismi01,1,46,32,2,2,0,0,0,2,0.063,0.118,0.063,0.18
Tony Batista\batisto01,5D6,156,579,70,138,25,87,5,32,0.238,0.28,0.435,0.715
Tony Batista\batisto01,5,72,271,29,56,13,45,0,13,0.207,0.251,0.399,0.649
Tony Batista\batisto01,D56,84,308,41,82,12,42,5,19,0.266,0.305,0.468,0.773
Danny Bautista\bautida01,98/7,100,222,26,67,5,26,3,14,0.302,0.346,0.437,0.783
Rod Beck\beckro01,1,4,1,0,0,0,0,0,0,0,0,0,0
Josh Beckett\beckejo02,/1,4,7,1,2,0,0,0,0,0.286,0.286,0.429,0.714
Joe Beimel*\beimejo01,1,41,26,3,7,0,0,0,1,0.269,0.296,0.269,0.566
Todd Belitz*\belitto01,/1,8,1,0,0,0,0,0,0,0,0,0,0
David Bell\bellda01,*5/3,135,470,62,122,15,64,2,28,0.26,0.303,0.415,0.718
Derek Bell\bellde01,28734,46,156,14,27,5,13,0,25,0.173,0.287,0.288,0.576
Jay Bell\bellja01,45/D,129,428,59,106,13,46,0,65,0.248,0.349,0.4,0.749
Rob Bell\bellro01,1,7,7,0,1,0,0,0,1,0.143,0.25,0.143,0.393
Rob Bell\bellro01,/1,7,7,0,1,0,0,0,1,0.143,0.25,0.143,0.393
Mark Bellhorn#\bellhma01,4/56D9,38,74,11,10,1,4,0,7,0.135,0.21,0.243,0.453
Ronnie Belliard\belliro01,4,101,364,69,96,11,36,5,35,0.264,0.335,0.453,0.788
Clay Bellinger\bellicl01,578/396D,51,81,12,13,5,12,1,4,0.16,0.207,0.383,0.59
Carlos Beltran#\beltrca01,*8/D,155,617,106,189,24,101,31,52,0.306,0.362,0.514,0.876
Adrian Beltre\beltrad01,*5/6,126,475,59,126,13,60,13,28,0.265,0.31,0.411,0.72
Marvin Benard*\benarma01,*897,129,392,70,104,15,44,10,29,0.265,0.32,0.439,0.759
Alan Benes\benesal01,/1,9,2,1,1,0,0,0,0,0.5,0.5,0.5,1
Andy Benes\benesan01,1,26,32,1,5,0,4,0,1,0.156,0.182,0.25,0.432
Armando Benitez\benitar01,1,71,1,0,0,0,1,0,0,0,0,0,0
Gary Bennett\bennega01,2,46,131,15,32,2,10,0,12,0.244,0.308,0.351,0.659
Gary Bennett\bennega01,2,26,75,8,16,1,6,0,9,0.213,0.294,0.32,0.614
Gary Bennett\bennega01,,1,1,0,1,0,0,0,0,1,1,1,2
Gary Bennett\bennega01,2,19,55,7,15,1,4,0,3,0.273,0.317,0.382,0.698
Jason Bere\bereja01,1,31,62,2,12,0,2,0,0,0.194,0.194,0.258,0.452
Dave Berg\bergda01,465,82,215,26,52,4,16,0,14,0.242,0.292,0.363,0.655
Brandon Berger\bergebr01,/7D,6,16,4,5,2,2,0,2,0.313,0.389,0.875,1.264
Peter Bergeron*\bergepe01,8,102,375,53,79,3,16,10,28,0.211,0.275,0.285,0.56
Lance Berkman#\berkmla01,*78/9,156,577,110,191,34,126,7,92,0.331,0.43,0.62,1.051
Angel Berroa\berroan01,6,15,53,8,16,0,4,2,3,0.302,0.339,0.34,0.679
Wilson Betemit#\betemwi01,/6,8,3,1,0,0,0,1,2,0,0.4,0,0.4
Dante Bichette\bicheda01,D79,107,391,45,112,12,49,2,20,0.286,0.325,0.46,0.786
Rocky Biddle\biddlro01,1,1,1,0,0,0,0,0,0,0,0,0,0
Nick Bierbrodt*\bierbni01,1,6,6,3,4,0,0,0,2,0.667,0.75,0.833,1.583
Nick Bierbrodt*\bierbni01,/1,6,6,3,4,0,0,0,2,0.667,0.75,0.833,1.583
Larry Bigbie*\bigbila01,89/7,47,131,15,30,2,11,4,17,0.229,0.318,0.321,0.638
Craig Biggio\biggicr01,*4/D,155,617,118,180,20,70,7,66,0.292,0.382,0.455,0.838
Willie Blair\blairwi01,/1,3,2,0,0,0,0,0,0,0,0,0,0
Casey Blake\blakeca01,/35D,19,37,3,9,1,4,3,4,0.243,0.317,0.351,0.668
Casey Blake\blakeca01,/5D3,13,22,1,7,0,2,1,3,0.318,0.4,0.364,0.764
Casey Blake\blakeca01,/3D,6,15,2,2,1,2,2,1,0.133,0.188,0.333,0.521
Henry Blanco\blanche01,2,104,314,33,66,6,31,3,34,0.21,0.29,0.344,0.634
Matt Blank*\blankma01,/1,4,8,0,4,0,1,0,0,0.5,0.5,0.625,1.125
Geoff Blum#\blumge01,5743/6,148,453,57,107,9,50,9,43,0.236,0.313,0.351,0.664
Hiram Bocachica\bocachi01,47/59,75,133,15,31,2,9,4,9,0.233,0.287,0.376,0.663
Brian Boehringer#\boehrbr01,1,26,3,0,0,0,0,0,0,0,0,0,0
Brian Boehringer#\boehrbr01,1,1,0,0,0,0,0,0,0,,,,
Brian Boehringer#\boehrbr01,1,25,3,0,0,0,0,0,0,0,0,0,0
Tim Bogar\bogarti01,/365,12,15,4,5,2,2,0,2,0.333,0.412,0.867,1.278
Brian Bohanon*\bohanbr01,1,20,31,3,10,0,3,0,1,0.323,0.344,0.452,0.795
Barry Bonds*\bondsba01,*7/D,153,476,129,156,73,137,13,177,0.328,0.515,0.863,1.379
Ricky Bones\bonesri01,1,59,2,0,1,0,1,0,0,0.5,0.333,0.5,0.833
Bobby Bonilla#\bonilbo01,3/97D1,93,174,17,37,5,21,1,23,0.213,0.308,0.339,0.647
Aaron Boone\booneaa01,5,103,381,54,112,14,62,6,29,0.294,0.351,0.483,0.834
Bret Boone\boonebr01,*4/D,158,623,118,206,37,141,5,40,0.331,0.372,0.578,0.95
Pedro Borbon\borbope02,1,4,0,0,0,0,0,0,0,,,,
Pat Borders\bordepa01,/2,5,6,1,3,0,0,0,0,0.5,0.5,0.5,1
Mike Bordick\bordimi01,6,58,229,32,57,7,30,9,17,0.249,0.314,0.397,0.711
Dave Borkowski\borkoda01,1,1,0,0,0,0,0,0,0,,,,
Joe Borowski\borowjo01,/1,1,0,0,0,0,0,0,0,,,,
Ricky Bottalico*\bottari01,1,64,3,1,1,0,1,0,0,0.333,0.333,0.667,1
Kent Bottenfield\botteke01,1,12,14,0,2,0,0,0,0,0.143,0.143,0.143,0.286
Chad Bradford\bradfch01,1,2,0,0,0,0,0,0,0,,,,
Milton Bradley#\bradlmi01,87/9D,77,238,22,53,1,19,8,21,0.223,0.288,0.332,0.62
Milton Bradley#\bradlmi01,87/9,67,220,19,49,1,19,7,19,0.223,0.288,0.336,0.624
Milton Bradley#\bradlmi01,/8D9,10,18,3,4,0,0,1,2,0.222,0.3,0.278,0.578
Darren Bragg*\braggda01,28734,23,61,5,16,0,5,3,4,0.262,0.318,0.377,0.695
Darren Bragg*\braggda01,28734,18,57,4,15,0,5,3,4,0.263,0.323,0.368,0.691
Darren Bragg*\braggda01,/9,5,4,1,1,0,0,0,0,0.25,0.25,0.5,0.75
Jeff Branson*\bransje01,/465,13,21,3,6,0,0,0,0,0.286,0.286,0.286,0.571
Russell Branyan*\branyru01,57/D9,113,315,48,73,20,54,1,38,0.232,0.316,0.486,0.802
Leslie Brea\breale01,/1,2,0,0,0,0,0,0,0,,,,
Chris Brock\brockch01,1,23,3,0,1,0,0,0,0,0.333,0.333,0.333,0.667
Rico Brogna*\brognri01,3,72,206,15,51,3,21,3,14,0.248,0.297,0.335,0.632
Troy Brohawn*\brohatr01,1,57,1,0,0,0,0,0,0,0,0,0,0
Scott Brosius\brosisc01,*5/8,120,428,57,123,13,49,3,34,0.287,0.343,0.446,0.789
Jim Brower\broweji01,1,45,26,6,8,0,3,0,0,0.308,0.308,0.346,0.654
Adrian Brown#\brownad01,/8,8,31,3,6,1,2,2,3,0.194,0.265,0.29,0.555
Dee Brown*\brownde02,7D/89,106,380,39,93,7,40,5,22,0.245,0.286,0.35,0.636
Emil Brown\brownem01,29068,74,137,21,26,3,13,12,16,0.19,0.284,0.299,0.583
Emil Brown\brownem01,29068,61,123,18,25,3,13,10,15,0.203,0.3,0.325,0.625
Emil Brown\brownem01,/879,13,14,3,1,0,0,2,1,0.071,0.133,0.071,0.205
Kevin Brown\brownke01,1,20,36,2,3,1,2,0,0,0.083,0.154,0.167,0.321
Kevin Brown\brownke04,2,17,43,7,9,4,12,0,2,0.209,0.261,0.535,0.796
Roosevelt Brown*\brownro02,7/D98,39,83,13,22,4,22,0,7,0.265,0.326,0.506,0.832
Cliff Brumbaugh\brumbcl01,42985,21,46,6,10,1,4,0,3,0.217,0.265,0.326,0.591
Cliff Brumbaugh\brumbcl01,/97,7,10,1,0,0,0,0,1,0,0.091,0,0.091
Cliff Brumbaugh\brumbcl01,/97,14,36,5,10,1,4,0,2,0.278,0.316,0.417,0.732
Brian Buchanan\buchabr01,9D/7,69,197,28,54,10,32,1,19,0.274,0.342,0.487,0.83
Mike Buddie\buddimi01,1,31,4,1,1,0,0,0,0,0.25,0.25,0.25,0.5
Mark Buehrle*\buehrma01,1,1,3,0,0,0,0,0,1,0,0.25,0,0.25
Damon Buford\buforda01,42956,35,85,11,15,3,8,0,4,0.176,0.213,0.306,0.519
Jay Buhner\buhneja01,7/D9,19,45,4,10,2,5,0,8,0.222,0.34,0.4,0.74
Dave Burba\burbada01,1,3,2,1,0,0,0,0,0,0,0,0,0
Jamie Burke\burkeja02,/23D,9,5,1,1,0,0,0,0,0.2,0.2,0.2,0.4
John Burkett\burkejo03,1,32,65,2,6,0,1,0,3,0.092,0.132,0.092,0.225
Morgan Burkhart#\burkhmo01,/D3,11,33,3,6,1,4,0,1,0.182,0.206,0.303,0.509
Ellis Burks\burksel01,D7/9,124,439,83,123,28,74,5,62,0.28,0.369,0.542,0.911
A.J. Burnett\burnea.01,1,25,50,0,4,0,0,0,1,0.08,0.115,0.1,0.215
Jeromy Burnitz*\burnije01,*9,154,562,104,141,34,100,0,80,0.251,0.347,0.504,0.851
Pat Burrell\burrepa01,*7/D,155,539,70,139,27,89,2,70,0.258,0.346,0.469,0.816
Homer Bush\bushho01,4,78,271,32,83,3,27,13,8,0.306,0.336,0.387,0.723
Brent Butler\butlebr02,46/5,53,119,17,29,1,14,1,7,0.244,0.287,0.345,0.631
Paul Byrd\byrdpa01,1,6,6,0,1,0,0,0,0,0.167,0.167,0.167,0.333
Paul Byrd\byrdpa01,/1,4,2,0,1,0,0,0,0,0.5,0.5,0.5,1
Paul Byrd\byrdpa01,1,2,4,0,0,0,0,0,0,0,0,0,0
Eric Byrnes\byrneer01,/7D98,19,38,9,9,3,5,1,4,0.237,0.326,0.5,0.826
Jolbert Cabrera\cabrejo02,784596/D,141,287,50,75,1,38,10,16,0.261,0.312,0.348,0.66
Jose Cabrera\cabrejo01,1,53,1,0,0,0,0,0,0,0,0,0,0
Orlando Cabrera\cabreor01,*6,162,626,64,173,14,96,19,43,0.276,0.324,0.428,0.752
Miguel Cairo\cairomi01,54/763,93,156,25,46,3,16,2,18,0.295,0.366,0.417,0.782
Miguel Cairo\cairomi01,54/6,66,123,20,35,2,9,2,16,0.285,0.364,0.374,0.738
Miguel Cairo\cairomi01,/74536,27,33,5,11,1,7,0,2,0.333,0.371,0.576,0.947
Mike Cameron\camermi01,*8/D,150,540,99,144,25,110,34,69,0.267,0.353,0.48,0.832
Ken Caminiti#\caminke01,53/D,118,356,36,81,15,41,0,43,0.228,0.312,0.407,0.719
Ken Caminiti#\caminke01,5,54,185,24,43,9,25,0,22,0.232,0.318,0.432,0.75
Ken Caminiti#\caminke01,35/D,64,171,12,38,6,16,0,21,0.222,0.306,0.38,0.686
Jose Canseco\cansejo01,D/9,76,256,46,66,16,49,2,45,0.258,0.366,0.477,0.843
Javier Cardona\cardoja01,2/D,46,96,10,25,1,10,0,2,0.26,0.28,0.375,0.655
Chris Carpenter\carpech01,1,3,6,0,1,0,0,0,0,0.167,0.167,0.167,0.333
Giovanni Carrara\carragi01,1,44,12,1,3,0,0,0,0,0.25,0.25,0.25,0.5
Hector Carrasco\carrahe01,1,3,0,0,0,0,0,0,0,,,,
Raul Casanova#\casanra01,2/D,71,192,21,50,11,33,0,12,0.26,0.303,0.484,0.787
Sean Casey*\caseyse01,*3/D,145,533,69,165,13,89,3,43,0.31,0.369,0.458,0.827
Vinny Castilla\castivi02,*5/6,146,538,69,140,25,91,1,35,0.26,0.308,0.467,0.775
Vinny Castilla\castivi02,5,24,93,7,20,2,9,0,3,0.215,0.247,0.344,0.592
Vinny Castilla\castivi02,*5/6,122,445,62,120,23,82,1,32,0.27,0.32,0.492,0.812
Alberto Castillo\castial01,2,66,131,9,26,1,4,1,7,0.198,0.255,0.252,0.507
Frank Castillo\castifr01,1,1,2,0,0,0,0,0,0,0,0,0,0
Luis Castillo#\castilu01,*4,134,537,76,141,2,45,33,67,0.263,0.344,0.341,0.685
Juan Castro\castrju01,645/3,96,242,27,54,3,13,0,13,0.223,0.261,0.302,0.562
Ramon Castro\castrra01,/2,7,11,0,2,0,1,0,1,0.182,0.25,0.182,0.432
Frank Catalanotto*\catalfr01,7945/3D,133,463,77,153,11,54,15,39,0.33,0.391,0.49,0.882
Roger Cedeno#\cedenro01,*89/D,131,523,79,153,6,48,55,36,0.293,0.337,0.396,0.733
Shawn Chacon\chacosh01,1,26,47,2,2,0,1,0,0,0.043,0.063,0.043,0.105
Norm Charlton#\charlno01,1,1,0,0,0,0,0,0,0,,,,
Endy Chavez*\chaveen01,32690,29,77,4,16,0,5,0,3,0.208,0.238,0.234,0.471
Eric Chavez*\chaveer01,*5/3D6,151,552,91,159,32,114,8,41,0.288,0.338,0.54,0.878
Bruce Chen*\chenbr01,1,26,47,1,6,0,0,0,0,0.128,0.128,0.128,0.255
Bruce Chen*\chenbr01,1,15,28,1,3,0,0,0,0,0.107,0.107,0.107,0.214
Bruce Chen*\chenbr01,1,11,19,0,3,0,0,0,0,0.158,0.158,0.158,0.316
Scott Chiasson\chiassc01,/1,6,0,0,0,0,0,0,0,,,,
Randy Choate*\choatra01,1,5,3,0,0,0,0,0,0,0,0,0,0
Bobby Chouinard\chouibo01,/1,8,0,0,0,0,0,0,0,,,,
McKay Christensen*\chrismc01,42954,35,53,7,17,1,7,3,3,0.321,0.4,0.415,0.815
McKay Christensen*\chrismc01,/8,7,4,0,1,0,0,0,0,0.25,0.4,0.25,0.65
McKay Christensen*\chrismc01,42954,28,49,7,16,1,7,3,3,0.327,0.4,0.429,0.829
Ryan Christenson\chrisry01,/798D,26,8,4,1,0,1,1,1,0.125,0.222,0.25,0.472
Ryan Christenson\chrisry01,/98D7,7,4,1,0,0,0,0,0,0,0,0,0
Ryan Christenson\chrisry01,/78,19,4,3,1,0,1,1,1,0.25,0.4,0.5,0.9
Jason Christiansen\chrisja01,1,53,0,0,0,0,0,0,0,,,,
Jason Christiansen\chrisja01,1,28,0,0,0,0,0,0,0,,,,
Jason Christiansen\chrisja01,1,25,0,0,0,0,0,0,0,,,,
Tim Christman*\christi01,/1,1,0,0,0,0,0,0,0,,,,
Alex Cintron#\cintral01,/6,8,7,0,2,0,0,0,0,0.286,0.286,0.571,0.857
Jeff Cirillo\cirilje01,*5,138,528,72,165,17,83,12,43,0.313,0.364,0.473,0.838
Stubby Clapp*\clappst01,/47,23,25,0,5,0,1,0,1,0.2,0.231,0.28,0.511
Brady Clark\clarkbr02,79/8D,89,129,22,34,6,18,4,22,0.264,0.373,0.426,0.799
Jermaine Clark*\clarkje02,/D,3,0,1,0,0,0,0,0,,,,
Tony Clark#\clarkto02,3D,126,428,67,123,16,75,0,62,0.287,0.374,0.481,0.856
Royce Clayton\claytro01,*6,135,433,62,114,9,60,10,33,0.263,0.315,0.393,0.708
Roger Clemens\clemero02,1,1,2,0,0,0,0,0,0,0,0,0,0
Matt Clement\clemema01,1,31,50,2,4,0,0,0,3,0.08,0.132,0.08,0.212
Tony Cogan*\coganto01,1,4,0,0,0,0,0,0,0,,,,
Dave Coggin\coggida01,1,17,33,1,2,0,1,0,2,0.061,0.114,0.091,0.205
Mike Colangelo\colanmi01,78/9,50,91,10,22,2,8,0,8,0.242,0.31,0.407,0.717
Greg Colbrunn\colbrgr01,35,59,97,12,28,4,18,0,9,0.289,0.373,0.495,0.868
Michael Coleman\colemmi01,/8D97,12,38,5,8,1,7,0,0,0.211,0.205,0.289,0.495
Lou Collier\collilo01,578/D,50,127,19,32,2,14,5,17,0.252,0.34,0.378,0.718
Bartolo Colon\colonba01,1,2,7,0,1,0,0,0,0,0.143,0.143,0.143,0.286
David Cone*\coneda01,1,1,1,0,0,0,0,0,0,0,0,0,0
Jeff Conine\coninje01,3759D,139,524,75,163,14,97,12,64,0.311,0.386,0.443,0.829
Jason Conti*\contija01,/9,5,4,1,1,0,0,0,1,0.25,0.4,0.25,0.65
Dennis Cook*\cookde01,1,59,1,0,0,0,0,0,0,0,0,0,0
Dennis Cook*\cookde01,1,40,1,0,0,0,0,0,0,0,0,0,0
Dennis Cook*\cookde01,1,19,0,0,0,0,0,0,0,,,,
Mike Coolbaugh\coolbmi01,42861,39,70,10,14,2,7,0,5,0.2,0.273,0.371,0.644
Ron Coomer\coomero01,53/D,111,349,25,91,8,53,0,29,0.261,0.316,0.39,0.706
Rocky Coppinger\coppiro01,/1,8,5,0,0,0,1,0,0,0,0,0,0
Alex Cora*\coraal01,*6/4,134,405,38,88,4,29,0,31,0.217,0.285,0.306,0.591
Wil Cordero\cordewi01,73D/9,89,268,30,67,4,21,0,22,0.25,0.313,0.343,0.656
Marty Cordova\cordoma01,79/D8,122,409,61,123,20,69,0,23,0.301,0.348,0.506,0.855
Mark Corey\coreyma02,/1,2,0,0,0,0,0,0,0,,,,
Rheal Cormier*\cormirh01,1,55,1,0,0,0,0,0,0,0,0,0,0
Humberto Cota\cotahu01,/2,7,9,0,2,0,1,0,0,0.222,0.222,0.222,0.444
Craig Counsell*\counscr01,645/3,141,458,76,126,4,38,6,61,0.275,0.359,0.362,0.721
Steve Cox*\coxst01,3/7D9,108,342,37,88,12,51,2,24,0.257,0.323,0.427,0.75
Tim Crabtree\crabtti01,1,3,0,0,0,0,0,0,0,,,,
Joe Crede\credejo01,5,17,50,1,11,0,7,1,3,0.22,0.273,0.28,0.553
Doug Creek*\creekdo01,1,4,0,0,0,0,0,0,0,,,,
Cesar Crespo#\crespce01,48/7596,55,153,27,32,4,12,6,25,0.209,0.32,0.327,0.647
Felipe Crespo#\crespfe01,3/74D9,73,107,9,20,4,15,1,11,0.187,0.266,0.355,0.621
Felipe Crespo#\crespfe01,3/4D9,40,66,8,13,4,10,1,7,0.197,0.286,0.394,0.68
Felipe Crespo#\crespfe01,/734,33,41,1,7,0,5,0,4,0.171,0.234,0.293,0.527
Jack Cressend\cressja01,1,6,0,0,0,0,0,0,0,,,,
D.T. Cromer*\cromed.01,/3D,50,57,7,16,5,12,0,3,0.281,0.302,0.596,0.898
Deivi Cruz\cruzde01,*6/5,110,414,39,106,7,52,4,17,0.256,0.291,0.379,0.67
Jacob Cruz*\cruzja01,789,72,144,19,31,4,18,0,15,0.215,0.303,0.333,0.636
Jacob Cruz*\cruzja01,35643,28,68,12,15,3,11,0,5,0.221,0.303,0.412,0.714
Jacob Cruz*\cruzja01,35977,44,76,7,16,1,7,0,10,0.211,0.303,0.263,0.567
Jose Cruz#\cruzjo02,*87/D,146,577,92,158,34,88,32,45,0.274,0.326,0.53,0.857
Juan Cruz\cruzju02,/1,11,16,0,2,0,1,0,0,0.125,0.125,0.125,0.25
Nelson Cruz\cruzne01,1,62,6,0,1,0,0,0,0,0.167,0.167,0.167,0.333
Darwin Cubillan\cubilda01,1,26,0,0,0,0,0,0,0,,,,
Michael Cuddyer\cuddymi01,/35D,8,18,1,4,0,1,1,2,0.222,0.3,0.333,0.633
Midre Cummings*\cummimi01,/79,20,20,1,6,0,1,0,0,0.3,0.286,0.35,0.636
Will Cunnane\cunnawi01,1,31,7,0,0,0,0,0,0,0,0,0,0
Chad Curtis\curtich01,87/9D,38,115,24,29,3,10,7,14,0.252,0.338,0.357,0.695
Jack Cust*\custja01,/7,3,2,0,1,0,0,0,1,0.5,0.667,0.5,1.167
Jeff D'Amico\d'amije01,1,10,15,0,1,0,0,0,2,0.067,0.176,0.2,0.376
Omar Daal*\daalom01,1,30,55,7,13,0,5,0,1,0.236,0.25,0.255,0.505
Mark Dalesandro\dalesma01,/2,1,0,0,0,0,0,0,0,,,,
Johnny Damon*\damonjo01,*87/9,155,644,108,165,9,49,27,61,0.256,0.324,0.363,0.687
Vic Darensbourg*\darenvi01,1,55,0,0,0,0,0,0,0,,,,
Mike Darr*\darrmi02,98/7,105,289,36,80,2,34,6,39,0.277,0.363,0.349,0.712
Brian Daubach*\daubabr01,35490,122,407,54,107,22,71,1,53,0.263,0.35,0.509,0.859
Jeff DaVanon#\davanje02,98/D,40,88,7,17,5,9,1,11,0.193,0.28,0.409,0.689
Joe Davenport\davenjo01,/1,7,1,0,1,0,0,0,0,1,1,1,2
Tom Davey\daveyto01,1,37,0,0,0,0,0,0,1,,1,,
Ben Davis#\davisbe01,*2/3,138,448,56,107,11,57,4,66,0.239,0.337,0.357,0.694
Doug Davis\davisdo02,1,2,3,0,0,0,0,0,0,0,0,0,0
Eric Davis\daviser01,9/D,74,156,17,32,4,22,1,13,0.205,0.269,0.365,0.634
Kane Davis\daviska01,1,57,5,0,0,0,0,0,0,0,0,0,0
Lance Davis\davisla01,1,20,33,3,4,0,2,0,0,0.121,0.121,0.152,0.273
Russ Davis\davisru01,5/D,53,167,16,43,7,17,1,17,0.257,0.326,0.473,0.799
Tomas de la Rosa\delarto01,,1,1,0,0,0,0,0,0,0,0,0,0
Valerio De Los Santos*\delosva01,/1,1,0,0,0,0,0,0,0,,,,
Mike DeJean\dejeami01,1,72,3,0,0,0,0,0,0,0,0,0,0
Carlos Delgado*\delgaca01,*3,162,574,102,160,39,102,3,111,0.279,0.408,0.54,0.948
Wilson Delgado#\delgawi01,/654,14,25,1,3,0,1,0,3,0.12,0.214,0.12,0.334
David Dellucci*\delluda01,98/7,115,217,28,60,10,40,2,22,0.276,0.349,0.479,0.828
Ryan Dempster\dempsry01,1,32,61,1,3,0,0,0,1,0.049,0.065,0.066,0.13
Mark DeRosa\derosma01,6/4D57,66,164,27,47,3,20,2,12,0.287,0.35,0.39,0.74
Delino DeShields*\deshide01,74/D538,126,351,55,82,5,37,23,59,0.234,0.344,0.353,0.697
Delino DeShields*\deshide01,7/D8,58,188,29,37,3,21,11,31,0.197,0.312,0.309,0.621
Delino DeShields*\deshide01,74/53,68,163,26,45,2,16,12,28,0.276,0.38,0.405,0.785
Elmer Dessens\desseel01,1,33,57,3,11,0,2,0,3,0.193,0.233,0.211,0.444
Einar Diaz\diazei01,*2/4,134,437,54,121,4,56,1,17,0.277,0.328,0.387,0.714
Mike Difelice\difelmi01,2,60,170,14,32,2,10,1,8,0.188,0.239,0.265,0.504
Mike Difelice\difelmi01,2,48,149,13,31,2,9,1,8,0.208,0.259,0.295,0.555
Mike Difelice\difelmi01,2,12,21,1,1,0,1,0,0,0.048,0.091,0.048,0.139
Craig Dingman\dingmcr01,/1,7,0,0,0,0,0,0,0,,,,
Chris Donnels*\donnech01,42886,66,88,8,15,3,8,0,12,0.17,0.277,0.295,0.573
Octavio Dotel\doteloc01,1,57,11,0,1,0,0,0,0,0.091,0.091,0.091,0.182
Kelly Dransfeldt\dranske01,/65,4,3,0,0,0,0,0,0,0,0,0,0
Darren Dreifort\dreifda01,1,16,33,4,5,1,2,1,1,0.152,0.176,0.303,0.48
J.D. Drew*\drewj.01,98/7,109,375,80,121,27,73,13,57,0.323,0.414,0.613,1.027
Rob Ducey*\duceyro01,7/89D,57,73,10,17,3,12,0,16,0.233,0.374,0.397,0.771
Rob Ducey*\duceyro01,/879,30,27,4,6,1,4,0,6,0.222,0.364,0.37,0.734
Rob Ducey*\duceyro01,/78D9,27,46,6,11,2,8,0,10,0.239,0.379,0.413,0.792
Brandon Duckworth\duckwbr01,1,11,22,1,5,0,1,0,2,0.227,0.292,0.273,0.564
Courtney Duncan*\duncaco01,1,35,3,1,0,0,1,0,2,0,0.4,0,0.4
Adam Dunn*\dunnad01,97,66,244,54,64,19,43,4,38,0.262,0.371,0.578,0.948
Shawon Dunston\dunstsh01,987/3D,88,186,26,52,9,25,3,2,0.28,0.293,0.511,0.804
Todd Dunwoody*\dunwoto01,35977,33,61,6,13,1,3,0,3,0.213,0.25,0.328,0.578
Erubiel Durazo*\durazer01,3/D9,92,175,34,47,12,38,0,28,0.269,0.372,0.537,0.909
Chad Durbin\durbich01,1,1,1,0,0,0,0,0,0,0,0,0,0
Ray Durham#\durhara01,*4/D,152,611,104,163,20,65,23,64,0.267,0.337,0.466,0.804
Jermaine Dye\dyeje01,*9/D8,158,599,91,169,26,106,9,57,0.282,0.346,0.467,0.813
Jermaine Dye\dyeje01,9/D8,97,367,50,100,13,47,7,30,0.272,0.333,0.417,0.749
Jermaine Dye\dyeje01,9,61,232,41,69,13,59,2,27,0.297,0.366,0.547,0.913
Damion Easley\easleda01,*4,154,585,77,146,11,65,10,52,0.25,0.323,0.376,0.699
Adam Eaton\eatonad01,1,23,38,3,4,0,2,1,4,0.105,0.19,0.132,0.322
Angel Echevarria\echevan01,73/9D,75,133,12,34,5,13,0,8,0.256,0.31,0.451,0.761
David Eckstein\eckstda01,*64D,153,582,82,166,4,41,29,43,0.285,0.355,0.357,0.712
Jim Edmonds*\edmonji01,*8/3,150,500,95,152,30,110,5,93,0.304,0.41,0.564,0.974
Joey Eischen*\eischjo01,1,24,0,0,0,0,0,0,0,,,,
Scott Elarton\elartsc01,1,22,38,1,3,0,2,0,1,0.079,0.167,0.079,0.246
Scott Elarton\elartsc01,1,18,30,1,2,0,2,0,1,0.067,0.176,0.067,0.243
Scott Elarton\elartsc01,/1,4,8,0,1,0,0,0,0,0.125,0.125,0.125,0.25
Robert Ellis\ellisro02,1,17,26,2,4,0,1,0,1,0.154,0.185,0.154,0.339
Alan Embree*\embreal01,1,22,1,0,0,0,0,0,0,0,0,0,0
Alan Embree*\embreal01,1,22,1,0,0,0,0,0,0,0,0,0,0
Juan Encarnacion\encarju01,*98/D,120,417,52,101,12,52,9,25,0.242,0.292,0.408,0.7
Mario Encarnacion\encarma01,42925,20,62,3,14,0,3,2,5,0.226,0.284,0.242,0.526
Darin Erstad*\erstada01,*83/D,157,631,89,163,9,63,24,62,0.258,0.331,0.36,0.691
Alex Escobar\escobal01,/89,18,50,3,10,3,8,1,3,0.2,0.245,0.4,0.645
Kelvim Escobar\escobke01,1,6,0,0,0,0,0,0,0,,,,
Bobby Estalella\estalbo02,2,32,97,12,19,3,10,0,12,0.196,0.297,0.361,0.658
Bobby Estalella\estalbo02,2,29,93,11,19,3,10,0,11,0.204,0.295,0.376,0.672
Bobby Estalella\estalbo02,/2,3,4,1,0,0,0,0,1,0,0.333,0,0.333
Shawn Estes\estessh01,1,25,42,2,3,0,1,0,3,0.071,0.13,0.071,0.202
Horacio Estrada*\estraho01,/1,4,0,0,0,0,0,0,0,,,,
Johnny Estrada#\estrajo01,2,89,298,26,68,8,37,0,16,0.228,0.273,0.359,0.632
Tony Eusebio\eusebto01,2,59,154,16,39,5,14,0,17,0.253,0.339,0.403,0.742
Adam Everett\everead01,/6,9,3,1,0,0,0,1,0,0,0,0,0
Carl Everett#\evereca01,8/9D,102,409,61,105,14,58,9,27,0.257,0.323,0.438,0.761
Jorge Fabregas*\fabrejo01,2,53,148,9,33,2,16,0,3,0.223,0.235,0.318,0.553
Kyle Farnsworth\farnsky01,1,72,2,0,0,0,0,0,0,0,0,0,0
Sal Fasano\fasansa01,2/D,39,85,12,17,3,9,0,5,0.2,0.277,0.365,0.641
Sal Fasano\fasansa01,2/D,14,22,2,1,0,0,0,1,0.045,0.125,0.045,0.17
Sal Fasano\fasansa01,/2D,11,21,2,1,0,0,0,1,0.048,0.13,0.048,0.178
Sal Fasano\fasansa01,/2,3,1,0,0,0,0,0,0,0,0,0,0
Sal Fasano\fasansa01,2,25,63,10,16,3,9,0,4,0.254,0.329,0.476,0.805
Jeff Fassero*\fasseje01,1,78,2,0,0,0,0,0,0,0,0,0,0
Carlos Febles\febleca01,4,79,292,45,69,8,25,5,22,0.236,0.291,0.363,0.654
Pedro Feliz\felizpe01,5/D,94,220,23,50,7,22,2,10,0.227,0.264,0.373,0.637
Jared Fernandez\fernaja01,/1,5,2,0,0,0,0,0,0,0,0,0,0
Jose Fernandez\fernajo01,/D35,13,25,1,2,0,0,0,2,0.08,0.148,0.12,0.268
Osvaldo Fernandez\fernaos01,1,18,19,1,1,0,0,0,1,0.053,0.1,0.053,0.153
Tony Fernandez#\fernato01,5D,76,123,11,36,2,15,1,8,0.293,0.338,0.374,0.712
Tony Fernandez#\fernato01,5,28,64,6,18,1,3,1,7,0.281,0.352,0.328,0.68
Tony Fernandez#\fernato01,D,48,59,5,18,1,12,0,1,0.305,0.323,0.424,0.746
Mike Fetters\fettemi01,1,51,0,0,0,0,0,0,0,,,,
Mike Fetters\fettemi01,1,31,0,0,0,0,0,0,0,,,,
Mike Fetters\fettemi01,1,20,0,0,0,0,0,0,0,,,,
Robert Fick*\fickro01,23/D9,124,401,62,109,19,61,0,39,0.272,0.339,0.476,0.816
Luis Figueroa#\figuelu01,/4,4,2,0,0,0,0,0,0,0,0,0,0
Nelson Figueroa#\figuene01,1,18,24,4,6,0,1,0,1,0.25,0.28,0.292,0.572
Jeremy Fikac\fikacje01,1,23,0,0,0,0,0,0,0,,,,
Bob File\filebo01,1,4,0,0,0,0,0,0,0,,,,
Steve Finley*\finlest01,*8/1,140,495,66,136,14,73,11,47,0.275,0.337,0.43,0.767
John Flaherty\flahejo01,2,78,248,20,59,4,29,1,10,0.238,0.269,0.363,0.632
Darrin Fletcher*\fletcda01,*2/D,134,416,36,94,11,56,0,24,0.226,0.274,0.353,0.628
Bryce Florie\floribr01,/1,2,0,0,0,0,0,0,0,,,,
Cliff Floyd*\floydcl01,*7/D,149,555,123,176,31,103,18,59,0.317,0.39,0.578,0.968
P.J. Forbes\forbep.01,/4,3,7,1,2,0,1,0,0,0.286,0.286,0.286,0.571
Brook Fordyce\fordybr01,2,95,292,30,61,5,19,1,21,0.209,0.268,0.322,0.59
Kevin Foster\fosteke01,/1,1,0,0,0,0,0,0,0,,,,
Keith Foulke\foulkke01,1,4,0,0,0,0,0,0,0,,,,
Andy Fox*\foxan01,1310278,54,81,8,15,3,7,1,15,0.185,0.327,0.321,0.648
Chad Fox\foxch02,1,61,3,0,0,0,0,0,0,0,0,0,0
John Franco*\francjo01,1,56,0,0,0,0,0,0,0,,,,
Julio Franco\francju01,3,25,90,13,27,3,11,0,10,0.3,0.376,0.444,0.821
Ryan Franklin\frankry01,1,2,0,0,0,0,0,0,0,,,,
Wayne Franklin*\frankwa01,1,11,0,0,0,0,0,0,0,,,,
Ryan Freel\freelry01,/47,9,22,1,6,0,3,2,1,0.273,0.333,0.318,0.652
Jeff Frye\fryeje01,45/67,74,175,24,43,2,15,2,12,0.246,0.305,0.326,0.631
Travis Fryman\frymatr01,5/D6,98,334,34,88,3,38,1,30,0.263,0.327,0.335,0.662
Brian Fuentes*\fuentbr01,1,1,0,0,0,0,0,0,0,,,,
Brad Fullmer*\fullmbr01,*D/3,146,522,71,143,18,83,5,38,0.274,0.326,0.444,0.771
Aaron Fultz*\fultzaa01,1,62,5,1,2,0,0,0,0,0.4,0.4,0.4,0.8
Rafael Furcal#\furcara02,6,79,324,39,89,4,30,22,24,0.275,0.321,0.37,0.691
Mike Fyhrie\fyhrimi01,1,15,2,0,0,0,0,0,0,0,0,0,0
Mike Fyhrie\fyhrimi01,1,15,2,0,0,0,0,0,0,0,0,0,0
Eric Gagne\gagneer01,1,33,44,3,6,1,2,0,1,0.136,0.156,0.295,0.451
Andres Galarraga\galaran01,3D,121,399,50,102,17,69,1,31,0.256,0.326,0.459,0.784
Andres Galarraga\galaran01,D3,72,243,33,57,10,34,1,18,0.235,0.31,0.424,0.734
Andres Galarraga\galaran01,3,49,156,17,45,7,35,0,13,0.288,0.351,0.513,0.863
Gus Gandarillas\gandagu01,1,16,0,0,0,0,0,0,0,,,,
Ron Gant\gantro01,7D,93,252,46,65,10,35,5,35,0.258,0.345,0.452,0.797
Ron Gant\gantro01,7,59,171,31,44,8,22,3,24,0.257,0.345,0.468,0.813
Ron Gant\gantro01,D7,34,81,15,21,2,13,2,11,0.259,0.344,0.42,0.764
Rich Garces\garceri01,1,3,2,0,0,0,0,0,0,0,0,0,0
Freddy Garcia\garcifr03,1,2,7,0,1,0,0,0,0,0.143,0.143,0.143,0.286
Jesse Garcia\garcije01,/46,22,5,3,1,0,0,6,0,0.2,0.2,0.2,0.4
Karim Garcia*\garcika01,26908,20,45,8,14,5,9,0,3,0.311,0.36,0.711,1.071
Nomar Garciaparra\garcino01,6,21,83,13,24,4,8,0,7,0.289,0.352,0.47,0.822
Mark Gardner\gardnma01,1,22,21,1,0,0,1,0,1,0,0.045,0,0.045
Jon Garland\garlajo01,1,4,2,0,0,0,0,0,0,0,0,0,0
Jason Giambi*\giambja01,*3D,154,520,109,178,38,120,2,129,0.342,0.477,0.66,1.137
Jeremy Giambi*\giambje01,D973,124,371,64,105,12,57,0,63,0.283,0.391,0.45,0.841
Jay Gibbons*\gibboja01,D7/3,73,225,27,53,15,36,0,17,0.236,0.301,0.48,0.781
Benji Gil\gilbe01,643D/8,104,260,33,77,8,39,3,14,0.296,0.33,0.477,0.807
Geronimo Gil\gilge01,2,17,58,3,17,0,6,0,5,0.293,0.369,0.328,0.697
Brian Giles*\gilesbr02,*78,160,576,116,178,37,95,13,90,0.309,0.404,0.59,0.994
Marcus Giles\gilesma01,4,68,244,36,64,9,31,2,28,0.262,0.338,0.43,0.769
Bernard Gilkey\gilkebe01,7/9D,69,106,8,29,2,14,0,11,0.274,0.339,0.387,0.726
Keith Ginter\ginteke01,,1,1,0,0,0,0,0,0,0,0,0,0
Matt Ginter\gintema01,1,2,0,0,0,0,0,0,0,,,,
Charles Gipson\gipsoch01,78D9/564,94,64,16,14,0,5,1,4,0.219,0.282,0.313,0.594
Joe Girardi\girarjo01,2,78,229,22,58,3,25,0,21,0.253,0.315,0.345,0.66
Doug Glanville\glanvdo01,*8,153,634,74,166,14,55,28,19,0.262,0.285,0.375,0.66
Troy Glaus\glaustr01,*5/D6,161,588,100,147,41,108,10,107,0.25,0.367,0.531,0.898
Tom Glavine*\glavito02,1,32,57,4,8,0,2,0,4,0.14,0.197,0.175,0.372
Gary Glover\glovega01,1,4,0,0,0,0,0,0,0,,,,
Wayne Gomes\gomeswa01,1,54,1,0,1,0,1,0,1,1,1,1,2
Wayne Gomes\gomeswa01,1,41,1,0,1,0,1,0,1,1,1,1,2
Wayne Gomes\gomeswa01,1,13,0,0,0,0,0,0,0,,,,
Chris Gomez\gomezch02,42890,98,301,37,78,8,43,4,17,0.259,0.298,0.402,0.7
Chris Gomez\gomezch02,42890,40,112,6,21,0,7,1,9,0.188,0.244,0.214,0.458
Chris Gomez\gomezch02,6,58,189,31,57,8,36,3,8,0.302,0.332,0.513,0.845
Alex Gonzalez\gonzaal01,*6,154,636,79,161,17,76,18,43,0.253,0.303,0.388,0.692
Alex Gonzalez\gonzaal02,*6,145,515,57,129,9,48,2,30,0.25,0.303,0.377,0.68
Dicky Gonzalez\gonzadi01,1,15,20,1,2,0,0,0,1,0.1,0.143,0.1,0.243
Juan Gonzalez\gonzaju03,*9D,140,532,97,173,35,140,1,41,0.325,0.37,0.59,0.96
Luis Gonzalez*\gonzalu01,*7,162,609,128,198,57,142,1,100,0.325,0.429,0.688,1.117
Raul Gonzalez\gonzara01,/7,11,14,0,3,0,0,0,1,0.214,0.267,0.214,0.481
Wiki Gonzalez\gonzawi01,2/D,64,160,16,44,8,27,2,11,0.275,0.335,0.463,0.798
Tom Goodwin*\goodwto01,42954,105,286,51,66,4,22,22,23,0.231,0.286,0.336,0.622
Tom Gordon\gordoto01,1,45,0,0,0,0,0,0,0,,,,
Mark Grace*\gracema01,*3,145,476,66,142,15,78,1,67,0.298,0.386,0.466,0.852
Tony Graffanino\graffto01,54/6D73,74,145,23,44,2,15,4,16,0.303,0.37,0.407,0.777
Danny Graves\graveda01,1,63,4,1,1,1,2,0,0,0.25,0.25,1,1.25
Craig Grebeck\grebecr01,6,23,41,1,2,0,2,0,2,0.049,0.093,0.073,0.166
Shawn Green*\greensh01,*9/83,161,619,121,184,49,125,20,72,0.297,0.372,0.598,0.97
Todd Greene\greento02,2/D,35,96,9,20,1,11,0,3,0.208,0.24,0.281,0.521
Rusty Greer*\greerru01,7/D,62,245,38,67,7,29,1,27,0.273,0.342,0.453,0.795
Ben Grieve*\grievbe01,*97D,154,542,72,143,11,72,7,87,0.264,0.372,0.387,0.76
Ken Griffey*\griffke02,8/D,111,364,57,104,22,65,2,44,0.286,0.365,0.533,0.898
Jason Grilli\grillja01,/1,6,7,1,2,1,2,0,0,0.286,0.286,0.714,1
Jason Grimsley\grimsja01,1,5,0,0,0,0,0,0,0,,,,
Marquis Grissom\grissma02,*87/9D,135,448,56,99,21,60,7,16,0.221,0.25,0.404,0.654
Buddy Groom*\groombu01,1,4,0,0,0,0,0,0,0,,,,
Mark Grudzielanek\grudzma01,*4,133,539,83,146,13,55,4,28,0.271,0.317,0.393,0.711
Eddie Guardado\guarded01,1,2,0,0,0,0,0,0,0,,,,
Vladimir Guerrero\guerrvl01,*9,159,599,107,184,34,108,37,60,0.307,0.377,0.566,0.943
Wilton Guerrero#\guerrwi01,64/75D,60,142,16,48,1,8,5,3,0.338,0.352,0.408,0.76
Carlos Guillen#\guillca01,*6/D,140,456,72,118,5,53,4,53,0.259,0.333,0.355,0.689
Jose Guillen\guilljo01,9/D,41,135,14,37,3,11,2,6,0.274,0.317,0.378,0.695
Mike Gulan\gulanmi01,/5,6,6,1,0,0,0,0,2,0,0.25,0,0.25
Mark Guthrie\guthrma01,1,4,0,0,0,0,0,0,0,,,,
Ricky Gutierrez\gutieri01,*6,147,528,76,153,10,66,4,40,0.29,0.345,0.402,0.746
Cristian Guzman#\guzmacr01,*6,118,493,80,149,10,51,25,21,0.302,0.337,0.477,0.814
Edwards Guzman*\guzmaed01,601587,61,115,8,28,3,7,0,5,0.243,0.273,0.374,0.647
Geraldo Guzman\guzmage01,/1,4,1,0,0,0,0,0,0,0,0,0,0
Tony Gwynn*\gwynnto01,9/D,71,102,5,33,1,17,1,10,0.324,0.384,0.461,0.845
Luther Hackman\hackmlu01,1,34,1,0,0,0,0,0,0,0,0,0,0
Jerry Hairston\hairsje02,*4,159,532,63,124,8,47,29,44,0.233,0.305,0.344,0.649
John Halama*\halamjo01,1,1,1,0,0,0,0,0,0,0,0,0,0
Toby Hall\hallto02,2,49,188,28,56,4,30,2,4,0.298,0.321,0.447,0.768
Roy Halladay\hallaro01,1,1,1,0,0,0,0,0,0,0,0,0,0
Shane Halter\haltesh01,56/3D,136,450,53,128,12,65,3,37,0.284,0.344,0.467,0.811
Darryl Hamilton*\hamilda02,78/9,52,126,15,27,1,5,3,19,0.214,0.322,0.31,0.632
Joey Hamilton\hamiljo02,1,5,8,0,1,0,1,0,0,0.125,0.125,0.25,0.375
Joey Hamilton\hamiljo02,1,1,3,0,1,0,1,0,0,0.333,0.333,0.667,1
Joey Hamilton\hamiljo02,/1,4,5,0,0,0,0,0,0,0,0,0,0
Jeffrey Hammonds\hammoje01,8,49,174,20,43,6,21,5,14,0.247,0.314,0.425,0.74
Mike Hampton\hamptmi01,1,42,79,20,23,7,16,0,2,0.291,0.309,0.582,0.891
Dave Hansen*\hanseda01,35/D,92,140,13,33,2,20,0,32,0.236,0.371,0.35,0.721
Pete Harnisch#\harnipe01,/1,8,11,2,3,0,0,0,0,0.273,0.273,0.364,0.636
Lenny Harris*\harrile01,5/379D4,110,135,12,30,0,9,3,8,0.222,0.266,0.274,0.54
Willie Harris*\harriwi02,/8,9,24,3,3,0,0,0,0,0.125,0.125,0.167,0.292
Ken Harvey\harveke01,/3D,4,12,1,3,0,2,0,0,0.25,0.25,0.333,0.583
Shigetoshi Hasegawa\hasegsh01,1,1,0,0,0,0,0,0,0,,,,
Bill Haselman\haselbi01,2,47,130,12,37,3,25,0,8,0.285,0.331,0.4,0.731
Scott Hatteberg*\hattesc01,2/D,94,278,34,68,3,25,1,33,0.245,0.332,0.345,0.678
LaTroy Hawkins\hawkila01,1,2,0,0,0,0,0,0,0,,,,
Charlie Hayes\hayesch01,5/3D,31,50,4,10,0,4,0,7,0.2,0.293,0.24,0.533
Jimmy Haynes\hayneji01,1,31,52,5,8,0,0,0,2,0.154,0.185,0.192,0.377
Rick Helling\helliri01,1,2,4,0,0,0,0,0,0,0,0,0,0
Wes Helms\helmswe01,35/7,100,216,28,48,10,36,1,21,0.222,0.293,0.435,0.728
Todd Helton*\heltoto01,*3,159,587,132,197,49,146,7,98,0.336,0.432,0.685,1.116
Rickey Henderson\henderi01,7/D,123,379,70,86,8,42,25,81,0.227,0.366,0.351,0.717
Doug Henry\henrydo01,1,2,0,0,0,0,0,0,0,,,,
Felix Heredia*\heredfe01,1,46,1,0,0,0,0,0,0,0,0,0,0
Gil Heredia\heredgi01,1,1,3,0,1,0,0,0,0,0.333,0.333,0.333,0.667
Matt Herges*\hergema01,1,71,9,0,4,0,1,0,0,0.444,0.444,0.444,0.889
Chad Hermansen\hermach01,42986,22,55,5,9,2,5,0,1,0.164,0.179,0.291,0.469
Dustin Hermanson\hermadu01,1,33,62,2,5,0,3,0,2,0.081,0.109,0.097,0.206
Alex Hernandez*\hernaal01,/93,7,11,0,1,0,0,0,0,0.091,0.091,0.091,0.182
Carlos Hernandez*\hernaca03,/1,3,5,0,1,0,0,0,0,0.2,0.2,0.2,0.4
Jose Hernandez\hernajo01,*6/87,152,542,67,135,25,78,5,39,0.249,0.3,0.443,0.743
Livan Hernandez\hernali01,1,33,81,7,24,1,8,0,0,0.296,0.296,0.383,0.679
Ramon Hernandez\hernara02,*2/3,136,453,55,115,15,60,1,37,0.254,0.316,0.408,0.724
Roberto Hernandez\hernaro01,1,4,0,0,0,0,0,0,0,,,,
Junior Herndon\herndju01,1,12,12,0,0,0,0,0,0,0,0,0,0
Phil Hiatt\hiattph01,42858,30,50,6,12,2,6,0,3,0.24,0.283,0.42,0.703
Richard Hidalgo\hidalri01,*897,146,512,70,141,19,80,3,54,0.275,0.356,0.455,0.811
Bobby Higginson*\higgibo02,*7/D,147,541,84,150,17,71,20,80,0.277,0.367,0.445,0.813
Glenallen Hill\hillgl01,D,16,66,4,9,1,2,0,0,0.136,0.136,0.182,0.318
Shea Hillenbrand\hillesh02,*5/3D,139,468,52,123,12,49,3,13,0.263,0.291,0.391,0.682
A.J. Hinch\hincha.01,2/D,45,121,10,19,6,15,1,8,0.157,0.226,0.331,0.556
Brett Hinchliffe\hinchbr01,/1,1,1,0,0,0,0,0,0,0,0,0,0
Sterling Hitchcock*\hitchst01,1,3,8,1,1,0,1,0,0,0.125,0.125,0.125,0.25
Sterling Hitchcock*\hitchst01,/1,3,8,1,1,0,1,0,0,0.125,0.125,0.125,0.25
Denny Hocking#\hockide01,643D/5789,112,327,34,82,3,25,6,29,0.251,0.315,0.339,0.654
Trevor Hoffman\hoffmtr01,1,60,4,0,0,0,0,0,0,0,0,0,0
Todd Hollandsworth*\hollato01,78/9,33,117,21,43,6,19,5,8,0.368,0.408,0.667,1.075
Dave Hollins#\hollida01,/D,2,5,0,1,0,0,0,1,0.2,0.333,0.2,0.533
Chris Holt\holtch01,1,2,4,0,1,0,0,0,0,0.25,0.25,0.5,0.75
Mike Holtz*\holtzmi01,1,4,0,0,0,0,0,0,0,,,,
Paul Hoover\hoovepa01,/2,3,4,1,1,0,0,0,0,0.25,0.25,0.25,0.5
Tyler Houston*\houstty01,42858,75,235,36,68,12,38,0,18,0.289,0.343,0.472,0.815
Bob Howry*\howrybo01,1,2,0,0,0,0,0,0,0,,,,
Mike Hubbard\hubbami01,/2,5,11,1,3,1,1,0,0,0.273,0.273,0.636,0.909
Trent Hubbard\hubbatr01,/89,5,12,2,3,0,0,0,0,0.25,0.25,0.417,0.667
Ken Huckaby\huckake01,/2,1,1,0,0,0,0,0,0,0,0,0,0
Tim Hudson\hudsoti01,1,4,8,1,0,0,0,0,0,0,0,0,0
Aubrey Huff*\huffau01,5D3,111,411,42,102,8,45,1,23,0.248,0.288,0.372,0.66
Todd Hundley#\hundlto01,2,79,246,23,46,12,31,0,25,0.187,0.268,0.374,0.642
Brian Hunter\huntebr02,78/9D,83,145,22,40,2,16,14,16,0.276,0.344,0.359,0.702
Torii Hunter\hunteto01,*8,148,564,82,147,27,92,9,29,0.261,0.306,0.479,0.784
Chad Hutchinson\hutchch01,/1,3,1,0,0,0,0,0,0,0,0,0,0
Adam Hyzdu\hyzduad01,9/738,51,72,7,15,5,9,0,4,0.208,0.26,0.431,0.69
Raul Ibanez*\ibanera01,D973/85,104,279,44,78,13,54,0,32,0.28,0.353,0.495,0.847
Brandon Inge\ingebr01,2,79,189,13,34,0,15,1,9,0.18,0.215,0.238,0.453
Hideki Irabu\irabuhi01,/1,2,3,0,0,0,0,0,0,0,0,0,0
Jason Isringhausen\isrinja01,1,2,0,0,0,0,0,0,0,,,,
Cesar Izturis#\izturce01,42831,46,134,19,36,2,9,8,2,0.269,0.279,0.388,0.667
Damian Jackson\jacksda04,*4/68,122,440,67,106,4,38,23,44,0.241,0.316,0.343,0.66
Michael Jackson\jacksmi02,1,63,1,0,0,0,0,0,0,0,0,0,0
Ryan Jackson*\jacksry01,379/D,79,118,19,25,2,11,3,5,0.212,0.25,0.331,0.581
John Jaha\jahajo01,D,12,45,2,4,0,8,0,6,0.089,0.192,0.156,0.348
Mike James\jamesmi01,1,38,1,0,0,0,0,0,0,0,0,0,0
Kevin Jarvis*\jarvike01,1,33,61,8,11,1,10,0,5,0.18,0.246,0.279,0.525
Stan Javier#\javiest01,789/3D,89,281,44,82,4,33,11,36,0.292,0.375,0.391,0.766
Geoff Jenkins*\jenkige01,7,105,397,60,105,20,63,4,36,0.264,0.334,0.474,0.808
Jason Jennings*\jennija01,/1,7,15,2,4,1,2,0,1,0.267,0.313,0.533,0.846
Robin Jennings*\jenniro01,93/7D,48,132,14,35,3,18,0,7,0.265,0.3,0.424,0.724
Robin Jennings*\jenniro01,13759,28,80,10,22,3,14,0,5,0.275,0.318,0.5,0.818
Robin Jennings*\jenniro01,9/37D,20,52,4,13,0,4,0,2,0.25,0.273,0.308,0.58
Robin Jennings*\jenniro01,/7,1,3,0,0,0,0,0,0,0,0,0,0
Robin Jennings*\jenniro01,42981,27,77,10,22,3,14,0,5,0.286,0.329,0.519,0.849
Marcus Jensen#\jensema01,2,12,29,0,5,0,2,0,0,0.172,0.172,0.207,0.379
Marcus Jensen#\jensema01,/2,1,4,0,1,0,0,0,0,0.25,0.25,0.25,0.5
Marcus Jensen#\jensema01,2,11,25,0,4,0,2,0,0,0.16,0.16,0.2,0.36
Ryan Jensen\jensery01,1,9,12,0,2,0,2,0,1,0.167,0.231,0.167,0.397
Derek Jeter\jeterde01,*6,150,614,110,191,21,74,27,56,0.311,0.377,0.48,0.858
D'Angelo Jimenez#\jimend'01,6,86,308,45,85,3,33,2,39,0.276,0.355,0.367,0.722
Jose Jimenez\jimenjo01,1,56,1,0,0,0,0,0,0,0,0,0,0
Brett Jodie\jodiebr01,/1,7,4,0,0,0,0,0,0,0,0,0,0
Brett Jodie\jodiebr01,/1,7,4,0,0,0,0,0,0,0,0,0,0
Adam Johnson\johnsad01,/1,1,2,0,0,0,0,0,0,0,0,0,0
Brian Johnson\johnsbr01,/2,3,4,0,1,0,1,0,0,0.25,0.25,0.25,0.5
Charles Johnson\johnsch04,*2,128,451,51,117,18,75,0,38,0.259,0.321,0.45,0.771
Jason Johnson\johnsja02,1,2,3,0,1,0,0,0,1,0.333,0.5,0.333,0.833
Mark Johnson*\johnsma01,37/9D,71,118,17,30,6,23,0,16,0.254,0.338,0.475,0.813
Mark Johnson*\johnsma02,2,61,173,21,43,5,18,2,23,0.249,0.338,0.382,0.72
Mike Johnson*\johnsmi02,1,10,1,0,0,0,0,0,0,0,0,0,0
Nick Johnson*\johnsni01,3/D,23,67,6,13,2,8,0,7,0.194,0.308,0.313,0.621
Randy Johnson\johnsra05,1,33,80,2,8,0,2,0,3,0.1,0.143,0.1,0.243
Russ Johnson\johnsru01,54/6D,85,248,32,73,4,33,2,34,0.294,0.38,0.435,0.816
Andruw Jones\jonesan01,*8,161,625,104,157,34,104,11,56,0.251,0.312,0.461,0.772
Bobby Jones\jonesbo03,1,31,57,5,8,0,1,0,3,0.14,0.183,0.175,0.359
Chipper Jones#\jonesch06,*5/7D,159,572,113,189,38,102,9,98,0.33,0.427,0.605,1.032
Jacque Jones*\jonesja05,*7/D89,149,475,57,131,14,49,12,39,0.276,0.335,0.417,0.751
Terry Jones#\joneste02,87/9,30,77,8,20,0,2,3,2,0.26,0.278,0.325,0.603
Todd Jones*\jonesto02,1,3,0,0,0,0,0,0,0,,,,
Todd Jones*\jonesto02,1,3,0,0,0,0,0,0,0,,,,
Brian Jordan\jordabr01,*9/D8,148,560,82,165,25,97,3,31,0.295,0.334,0.496,0.83
Kevin Jordan\jordake01,345,68,113,9,27,1,13,0,14,0.239,0.323,0.31,0.633
Wally Joyner*\joynewa01,3/D,53,148,14,36,3,14,1,13,0.243,0.304,0.351,0.656
Mike Judd\juddmi01,1,1,1,0,0,0,0,0,0,0,0,0,0
Mike Judd\juddmi01,/1,1,1,0,0,0,0,0,0,0,0,0,0
David Justice*\justida01,D79,111,381,58,92,18,51,1,54,0.241,0.333,0.43,0.763
Gabe Kapler\kaplega01,*8/D,134,483,77,129,17,72,23,61,0.267,0.348,0.437,0.785
Jason Karnuth\karnuja01,/1,4,0,0,0,0,0,0,0,,,,
Eric Karros\karroer01,*3,121,438,42,103,15,63,3,41,0.235,0.303,0.388,0.691
Steve Karsay\karsast01,1,45,2,0,0,0,0,0,0,0,0,0,0
Steve Karsay\karsast01,1,2,0,0,0,0,0,0,0,,,,
Steve Karsay\karsast01,1,43,2,0,0,0,0,0,0,0,0,0,0
Randy Keisler*\keislra01,1,1,2,0,0,0,0,0,0,0,0,0,0
Jason Kendall\kendaja01,*279,157,606,84,161,10,53,13,44,0.266,0.335,0.358,0.693
Adam Kennedy*\kennead01,*4/D,137,478,48,129,6,40,12,27,0.27,0.318,0.372,0.69
Joe Kennedy\kennejo04,1,2,4,1,1,0,0,0,0,0.25,0.25,0.25,0.5
Jeff Kent\kentje01,*43,159,607,84,181,22,106,7,65,0.298,0.369,0.507,0.877
Bobby Kielty#\kieltbo01,987/D,37,104,8,26,2,14,3,8,0.25,0.297,0.385,0.681
Brooks Kieschnick*\kiescbr01,/793,35,42,5,10,3,9,0,3,0.238,0.289,0.548,0.837
Darryl Kile\kileda01,1,33,71,5,9,1,4,0,5,0.127,0.184,0.225,0.41
Byung-Hyun Kim\kimby01,1,74,6,0,1,0,2,0,0,0.167,0.167,0.167,0.333
Sun-Woo Kim\kimsu01,1,3,0,0,0,0,0,0,0,,,,
Ray King*\kingra01,1,79,2,0,0,0,0,0,0,0,0,0,0
Gene Kingsale#\kingsge01,/798,13,19,4,5,0,1,3,2,0.263,0.364,0.263,0.627
Gene Kingsale#\kingsge01,/8,3,4,0,0,0,0,1,0,0,0,0,0
Gene Kingsale#\kingsge01,/798,10,15,4,5,0,1,2,2,0.333,0.444,0.333,0.778
Mike Kinkade\kinkami01,75D/392,61,160,19,44,4,16,2,14,0.275,0.345,0.381,0.726
Ryan Klesko*\kleskry01,*3,146,538,105,154,30,113,23,88,0.286,0.384,0.539,0.923
Steve Kline#\klinest02,1,85,2,0,1,0,0,0,0,0.5,0.5,0.5,1
Chuck Knoblauch\knoblch01,7D,137,521,66,130,9,44,38,58,0.25,0.339,0.351,0.691
Randy Knorr\knorrra01,2,34,91,13,20,3,10,0,8,0.22,0.287,0.341,0.628
Eric Knott*\knotter01,/1,3,1,0,0,0,0,0,0,0,0,0,0
Gary Knotts\knottga01,/1,2,2,0,1,0,0,0,0,0.5,0.5,0.5,1
Billy Koch\kochbi01,1,3,0,0,0,0,0,0,0,,,,
Ryan Kohlmeier\kohlmry01,1,1,0,0,0,0,0,0,0,,,,
Brandon Kolb\kolbbr01,1,10,1,0,0,0,0,0,0,0,0,0,0
Paul Konerko\konerpa01,*3D,156,582,92,164,32,99,1,54,0.282,0.349,0.507,0.856
Mike Koplove\koplomi01,/1,9,1,0,0,0,0,0,0,0,0,0,0
Corey Koskie*\koskico01,*5/D,153,562,100,155,26,103,27,68,0.276,0.362,0.488,0.85
Mark Kotsay*\kotsama01,*8/97,119,406,67,118,10,58,13,48,0.291,0.366,0.441,0.807
Chad Kreuter#\kreutch01,2/D,73,191,21,41,6,17,0,41,0.215,0.355,0.377,0.732
Tim Laker\lakerti01,42767,16,33,5,6,1,5,0,6,0.182,0.308,0.273,0.58
Mike Lamb*\lambmi01,5,76,284,42,87,4,35,2,14,0.306,0.348,0.412,0.76
Tom Lampkin*\lampkto01,2/D9,79,204,28,46,5,22,1,18,0.225,0.309,0.348,0.657
Ray Lankford*\lankfra01,*78/9,131,389,58,98,19,58,10,62,0.252,0.358,0.491,0.849
Ray Lankford*\lankfra01,7,91,264,38,62,15,39,4,44,0.235,0.345,0.496,0.841
Ray Lankford*\lankfra01,78/9,40,125,20,36,4,19,6,18,0.288,0.386,0.48,0.866
Mike Lansing\lansimi01,64,106,352,45,88,8,34,3,22,0.25,0.294,0.384,0.677
Barry Larkin\larkiba01,6,45,156,29,40,2,17,3,27,0.256,0.373,0.372,0.745
Brandon Larson\larsobr01,/5,14,33,2,4,0,1,0,2,0.121,0.171,0.182,0.353
Jason LaRue\larueja01,2/573,121,364,39,86,12,43,3,27,0.236,0.303,0.404,0.707
Chris Latham#\lathach01,79/8,43,73,12,20,2,10,4,10,0.274,0.369,0.425,0.794
Brian Lawrence\lawrebr02,1,25,26,0,3,0,3,0,0,0.115,0.111,0.192,0.303
Matt Lawton*\lawtoma02,*9/D,151,559,95,155,13,64,29,85,0.277,0.382,0.415,0.797
Matt Lawton*\lawtoma02,9/D,103,376,71,110,10,51,19,63,0.293,0.396,0.439,0.835
Matt Lawton*\lawtoma02,9,48,183,24,45,3,13,10,22,0.246,0.352,0.366,0.718
Jalal Leach*\leachja01,/97,8,10,0,1,0,1,0,2,0.1,0.25,0.1,0.35
Matt LeCroy\lecroma01,/D23,15,40,6,17,3,12,0,0,0.425,0.429,0.775,1.204
Ricky Ledee*\ledeeri01,98/7,78,242,33,56,2,36,3,23,0.231,0.303,0.351,0.654
Carlos Lee\leeca01,*7D,150,558,75,150,24,84,17,38,0.269,0.321,0.468,0.789
David Lee\leeda01,1,38,1,0,0,0,0,0,0,0,0,0,0
Derrek Lee\leede02,*3,158,561,83,158,21,75,4,50,0.282,0.346,0.474,0.82
Travis Lee*\leetr01,*3,157,555,75,143,20,90,3,71,0.258,0.341,0.434,0.775
Al Leiter*\leiteal01,1,27,62,2,4,0,3,0,2,0.065,0.094,0.097,0.191
Mark Leiter\leitema01,1,20,7,0,1,0,0,0,0,0.143,0.143,0.143,0.286
Curt Leskanic\leskacu01,1,66,1,0,0,0,0,0,0,0,0,0,0
Al Levine*\levinal01,1,4,0,0,0,0,0,0,0,,,,
Jesse Levis*\levisje01,2,12,33,6,8,0,3,0,3,0.242,0.306,0.303,0.609
Allen Levrault\levraal01,1,30,33,1,2,0,1,0,1,0.061,0.086,0.061,0.146
Darren Lewis\lewisda01,978/D,82,164,18,46,1,12,5,8,0.28,0.326,0.366,0.692
Mark Lewis\lewisma01,/54,6,13,1,1,0,0,0,0,0.077,0.077,0.077,0.154
Cory Lidle\lidleco01,1,1,2,0,0,0,0,0,0,0,0,0,0
Jon Lieber*\liebejo01,1,33,76,3,12,0,2,0,2,0.158,0.179,0.184,0.364
Mike Lieberthal\liebemi01,2,34,121,21,28,2,11,0,12,0.231,0.316,0.347,0.663
Jeff Liefer*\liefeje01,735D/9,83,254,36,65,18,39,0,20,0.256,0.313,0.52,0.833
Kerry Ligtenberg\ligteke01,1,49,0,0,0,0,0,0,0,,,,
Ted Lilly*\lillyte01,1,2,1,0,0,0,0,0,0,0,0,0,0
Jose Lima\limajo01,1,14,17,0,0,0,0,0,0,0,0,0,0
Jose Lima\limajo01,1,13,16,0,0,0,0,0,0,0,0,0,0
Jose Lima\limajo01,1,1,1,0,0,0,0,0,0,0,0,0,0
Mike Lincoln\lincomi01,1,30,4,0,1,0,0,0,0,0.25,0.25,0.25,0.5
Scott Linebrink\linebsc01,/1,9,0,0,0,0,0,0,0,,,,
Felipe Lira\lirafe01,/1,4,0,0,0,0,0,0,0,,,,
Mark Little\littlma01,87/9,51,85,18,29,3,13,5,1,0.341,0.378,0.518,0.895
Graeme Lloyd*\lloydgr01,1,79,2,0,0,0,0,0,1,0,0.333,0,0.333
Paul Lo Duca\loducpa01,23/7D9,125,460,71,147,25,90,2,39,0.32,0.374,0.543,0.917
Esteban Loaiza\loaizes01,1,3,2,0,0,0,0,0,0,0,0,0,0
Keith Lockhart*\lockhke01,42830,104,178,17,39,3,12,1,16,0.219,0.289,0.303,0.593
Carlton Loewer\loeweca01,/1,1,0,0,0,0,0,0,0,,,,
James Lofton#\loftoja01,/6,8,26,1,5,0,1,2,1,0.192,0.214,0.231,0.445
Kenny Lofton*\loftoke01,*8,133,517,91,135,14,66,16,47,0.261,0.322,0.398,0.721
Kyle Lohse\lohseky01,1,2,5,0,2,0,1,0,0,0.4,0.4,0.6,1
Rich Loiselle\loiseri01,1,17,0,0,0,0,0,0,0,,,,
Terrence Long*\longte01,*879,162,629,90,178,12,85,9,52,0.283,0.335,0.412,0.747
Braden Looper\loopebr01,1,67,2,0,0,0,0,0,0,0,0,0,0
Albie Lopez\lopezal02,1,15,29,0,1,0,0,0,2,0.034,0.125,0.034,0.159
Albie Lopez\lopezal02,1,2,5,0,0,0,0,0,0,0,0,0,0
Albie Lopez\lopezal02,1,13,24,0,1,0,0,0,2,0.042,0.148,0.042,0.19
Felipe Lopez#\lopezfe01,42861,49,177,21,46,5,23,4,12,0.26,0.304,0.418,0.722
Javy Lopez\lopezja01,*2,128,438,45,117,17,66,1,28,0.267,0.322,0.425,0.747
Luis Lopez#\lopezlu02,564,92,222,22,60,4,18,0,14,0.27,0.326,0.387,0.714
Luis Lopez\lopezlu03,5/3D,41,119,10,29,3,10,0,8,0.244,0.291,0.353,0.644
Mendy Lopez\lopezme01,20546,32,58,8,14,1,7,0,6,0.241,0.318,0.379,0.697
Mendy Lopez\lopezme01,/45,10,15,3,4,1,3,0,2,0.267,0.389,0.467,0.856
Mendy Lopez\lopezme01,/465,22,43,5,10,0,4,0,4,0.233,0.292,0.349,0.641
Mark Loretta\loretma01,45/6D1,102,384,40,111,2,29,1,28,0.289,0.346,0.352,0.698
Derek Lowe\lowede01,1,4,1,0,0,0,0,0,0,0,0,0,0
Sean Lowe\lowese01,1,3,3,0,1,0,0,0,0,0.333,0.333,0.333,0.667
Mike Lowell\lowelmi01,*5,146,551,65,156,18,100,1,43,0.283,0.34,0.448,0.789
Julio Lugo\lugoju01,*6/749,140,513,93,135,10,37,12,46,0.263,0.326,0.372,0.698
Mark Lukasiewicz*\lukasma01,1,1,0,0,0,0,0,0,0,,,,
Fernando Lunar\lunarfe01,2,64,167,8,41,0,16,0,7,0.246,0.287,0.287,0.574
David Lundquist\lundqda01,1,17,0,0,0,0,0,0,0,,,,
John Mabry*\mabryjo01,9/378D1,87,154,14,32,6,20,1,13,0.208,0.287,0.37,0.657
John Mabry*\mabryjo01,/39,5,7,0,0,0,0,0,0,0,0,0,0
John Mabry*\mabryjo01,9/783D1,82,147,14,32,6,20,1,13,0.218,0.299,0.388,0.687
Robert Machado\macharo01,2,52,135,13,30,2,13,0,7,0.222,0.266,0.341,0.606
Jose Macias#\maciajo01,584/97D,137,488,62,131,8,51,21,32,0.268,0.316,0.391,0.707
Rob Mackowiak*\mackoro01,947/53,83,214,30,57,4,21,4,15,0.266,0.319,0.411,0.73
Scott MacRae\macrasc01,1,24,3,0,0,0,0,0,0,0,0,0,0
Greg Maddux\maddugr01,1,34,64,3,12,0,3,0,2,0.188,0.235,0.188,0.423
Calvin Maduro\madurca01,1,1,0,0,0,0,0,0,0,,,,
Dave Magadan*\magadda01,5/3D46,91,128,12,32,1,12,0,12,0.25,0.317,0.328,0.645
Wendell Magee\mageewe01,879D,90,207,26,44,5,17,3,23,0.213,0.293,0.377,0.67
Mike Magnante*\magnami01,1,3,0,0,0,0,0,0,0,,,,
Chris Magruder#\magruch01,/798,17,29,3,5,0,1,0,1,0.172,0.226,0.172,0.398
Ron Mahay*\mahayro01,1,17,2,0,0,0,0,0,0,0,0,0,0
Pat Mahomes\mahompa01,1,4,1,1,1,0,0,0,0,1,1,1,2
Jim Mann\mannji01,/1,4,0,0,0,0,0,0,0,,,,
Matt Mantei\mantema01,/1,8,0,0,0,0,0,0,0,,,,
Josias Manzanillo\manzajo01,1,68,1,0,0,0,0,0,0,0,0,0,0
Jason Marquis*\marquja01,1,37,31,3,1,0,0,0,2,0.032,0.091,0.032,0.123
Eli Marrero\marreel01,2/793,86,203,37,54,6,23,6,15,0.266,0.312,0.438,0.751
Damaso Marte*\marteda01,1,23,4,0,0,0,0,0,0,0,0,0,0
Al Martin*\martial03,7D/89,100,283,41,68,7,42,9,37,0.24,0.33,0.382,0.712
Tom Martin*\martito02,1,14,3,0,0,0,0,0,0,0,0,0,0
Dave Martinez*\martida01,973/D,120,237,33,68,2,20,3,21,0.287,0.347,0.384,0.731
Edgar Martinez\martied01,*D/3,132,470,80,144,23,116,4,93,0.306,0.423,0.543,0.966
Felix Martinez#\martife01,64,77,219,24,54,1,14,6,10,0.247,0.294,0.329,0.622
Ramon Martinez*\martira02,/1,4,5,0,0,0,0,0,0,0,0,0,0
Ramon Martinez\martira03,546,128,391,48,99,5,37,1,38,0.253,0.323,0.353,0.676
Sandy Martinez*\martisa01,/2,1,1,0,0,0,0,0,0,0,0,0,0
Tino Martinez*\martiti02,*3/D,154,589,89,165,34,113,1,42,0.28,0.329,0.501,0.83
Henry Mateo#\mateohe01,/4,5,9,1,3,0,0,0,0,0.333,0.333,0.444,0.778
Ruben Mateo\mateoru01,9,40,129,18,32,1,13,1,9,0.248,0.322,0.341,0.663
Mike Matheny\mathemi01,*2/3,121,381,40,83,7,42,0,28,0.218,0.276,0.304,0.581
T.J. Mathews\mathet.01,1,10,3,0,0,0,0,0,0,0,0,0,0
T.J. Mathews\mathet.01,1,10,3,0,0,0,0,0,0,0,0,0,0
Luis Matos\matoslu01,89/7,31,98,16,21,4,12,7,11,0.214,0.3,0.408,0.708
Troy Mattes\mattetr01,/1,8,15,4,7,0,1,0,0,0.467,0.467,0.533,1
Gary Matthews#\matthga02,*87/9,152,405,63,92,14,44,8,60,0.227,0.328,0.378,0.705
Gary Matthews#\matthga02,87/9,106,258,41,56,9,30,5,38,0.217,0.32,0.364,0.684
Gary Matthews#\matthga02,8,46,147,22,36,5,14,3,22,0.245,0.341,0.401,0.743
Mike Matthews*\matthmi01,1,51,17,2,2,1,1,0,0,0.118,0.118,0.294,0.412
Dave Maurer\maureda01,/1,3,1,0,0,0,0,0,0,0,0,0,0
Jason Maxwell\maxweja01,65/4D,39,68,4,13,1,10,2,9,0.191,0.286,0.294,0.58
Brent Mayne*\maynebr01,42769,100,326,28,93,2,40,1,26,0.285,0.334,0.344,0.678
Brent Mayne*\maynebr01,42769,49,160,15,53,0,20,0,16,0.331,0.385,0.375,0.76
Brent Mayne*\maynebr01,2,51,166,13,40,2,20,1,10,0.241,0.283,0.313,0.597
Joe Mays#\maysjo01,1,1,1,0,0,0,0,0,0,0,0,0,0
Dave McCarty\mccarda01,3/7D9,98,200,26,50,7,26,0,24,0.25,0.328,0.405,0.733
Quinton McCracken#\mccraqu01,/D798,24,64,7,14,0,3,0,5,0.219,0.275,0.313,0.588
Donzell McDonald#\mcdondo01,/87,5,3,0,1,0,0,0,0,0.333,0.333,0.333,0.667
John McDonald\mcdonjo03,/645,17,22,1,2,0,0,0,1,0.091,0.167,0.136,0.303
Keith McDonald\mcdonke01,/2,2,2,0,0,0,0,0,0,0,0,0,0
Chuck McElroy*\mcelrch01,1,32,3,0,0,0,0,0,0,0,0,0,0
Chuck McElroy*\mcelrch01,1,1,0,0,0,0,0,0,0,,,,
Chuck McElroy*\mcelrch01,1,31,3,0,0,0,0,0,0,0,0,0,0
Joe McEwing\mcewijo01,7596/438D,116,283,41,80,8,30,8,17,0.283,0.342,0.449,0.791
Fred McGriff*\mcgrifr01,*3D,146,513,67,157,31,102,1,66,0.306,0.386,0.544,0.93
Fred McGriff*\mcgrifr01,3D,97,343,40,109,19,61,1,40,0.318,0.387,0.536,0.923
Fred McGriff*\mcgrifr01,3,49,170,27,48,12,41,0,26,0.282,0.383,0.559,0.942
Ryan McGuire*\mcguiry01,/93,48,54,8,10,1,8,1,7,0.185,0.27,0.278,0.548
Mark McGwire\mcgwima01,3,97,299,48,56,29,64,0,56,0.187,0.316,0.492,0.808
Tony McKnight\mcknito01,1,15,24,0,0,0,0,0,2,0,0.077,0,0.077
Tony McKnight\mcknito01,/1,3,7,0,0,0,0,0,0,0,0,0,0
Tony McKnight\mcknito01,1,12,17,0,0,0,0,0,2,0,0.105,0,0.105
Mark McLemore#\mclemma01,756/48D9,125,409,78,117,5,57,39,69,0.286,0.384,0.406,0.79
Billy McMillon*\mcmilbi01,7/9D,40,92,7,20,1,14,1,7,0.217,0.284,0.359,0.643
Billy McMillon*\mcmilbi01,/9D7,20,34,1,3,1,4,0,2,0.088,0.162,0.206,0.368
Billy McMillon*\mcmilbi01,7/9D,20,58,6,17,0,10,1,5,0.293,0.354,0.448,0.802
Rusty Meacham\meachru01,1,1,0,0,0,0,0,0,0,,,,
Pat Meares\mearepa01,4,86,270,27,57,4,25,0,10,0.211,0.244,0.304,0.548
Jim Mecir#\mecirji01,1,3,0,0,0,0,0,0,0,,,,
Adam Melhuse#\melhuad01,42769,40,71,5,13,1,8,1,6,0.183,0.241,0.254,0.494
Donaldo Mendez\mendedo01,6,46,118,11,18,1,5,1,5,0.153,0.206,0.212,0.418
Ramiro Mendoza\mendora01,1,4,2,0,0,0,0,0,0,0,0,0,0
Frank Menechino\menecfr01,*4/65D,139,471,82,114,12,60,2,79,0.242,0.369,0.374,0.742
Hector Mercado*\mercahe01,1,50,2,0,0,0,0,0,0,0,0,0,0
Orlando Merced#\merceor01,97/53,94,137,19,36,6,29,5,14,0.263,0.333,0.453,0.786
Jose Mercedes\mercejo02,1,2,5,0,0,0,0,0,0,0,0,0,0
Lou Merloni\merlolo01,16589,52,146,21,39,3,13,2,6,0.267,0.306,0.397,0.703
Jose Mesa\mesajo01,1,68,0,0,0,0,0,0,0,,,,
Chad Meyers\meyerch02,/4875,18,17,1,2,0,0,0,2,0.118,0.348,0.118,0.465
Dan Miceli\micelda01,1,49,0,0,0,0,0,0,0,,,,
Dan Miceli\micelda01,1,29,0,0,0,0,0,0,0,,,,
Dan Miceli\micelda01,1,20,0,0,0,0,0,0,0,,,,
Jason Michaels\michaja01,/7,6,6,0,1,0,1,0,0,0.167,0.167,0.167,0.333
Chris Michalak*\michach01,1,2,3,0,1,0,0,0,0,0.333,0.333,1,1.333
Chris Michalak*\michach01,1,2,3,0,1,0,0,0,0,0.333,0.333,1,1.333
Jason Middlebrook\middlja01,/1,4,7,0,1,0,1,0,0,0.143,0.143,0.143,0.286
Doug Mientkiewicz*\mientdo01,*3/D,151,543,77,166,15,74,2,67,0.306,0.387,0.464,0.851
Kevin Millar\millake01,9735/D,144,449,62,141,20,85,0,39,0.314,0.374,0.557,0.931
Corky Miller\milleco01,2,17,49,5,9,3,7,1,4,0.184,0.263,0.408,0.671
Damian Miller\milleda02,*2,123,380,45,103,13,47,0,35,0.271,0.337,0.424,0.761
Travis Miller\milletr01,1,6,0,0,0,0,0,0,0,,,,
Wade Miller\millewa04,1,30,66,6,11,0,1,0,2,0.167,0.191,0.197,0.388
Alan Mills\millsal01,1,2,0,0,0,0,0,0,0,,,,
Kevin Millwood\millwke01,1,21,43,3,4,0,2,0,1,0.093,0.114,0.093,0.207
Eric Milton*\miltoer01,1,1,2,1,0,0,0,0,0,0,0,0,0
Damon Minor*\minorda01,3,19,45,3,7,0,3,0,3,0.156,0.208,0.178,0.386
Ryan Minor\minorry01,5/D73,55,95,10,15,2,13,0,9,0.158,0.234,0.242,0.476
Doug Mirabelli\mirabdo01,2/D,77,190,20,43,11,29,0,27,0.226,0.332,0.453,0.784
Doug Mirabelli\mirabdo01,2/D,23,49,4,5,2,3,0,10,0.102,0.254,0.265,0.52
Doug Mirabelli\mirabdo01,2/D,54,141,16,38,9,26,0,17,0.27,0.36,0.518,0.877
Dave Mlicki\mlickda01,1,18,27,2,3,0,0,0,0,0.111,0.111,0.111,0.222
Dave Mlicki\mlickda01,1,1,1,0,0,0,0,0,0,0,0,0,0
Dave Mlicki\mlickda01,1,17,26,2,3,0,0,0,0,0.115,0.115,0.115,0.231
Chad Moeller\moellch01,2,25,56,8,13,1,2,0,6,0.232,0.306,0.321,0.628
Mike Mohler\mohlemi01,1,12,0,0,0,0,0,0,0,,,,
Dustan Mohr\mohrdu01,9/7D,20,51,6,12,0,4,1,5,0.235,0.298,0.275,0.573
Bengie Molina\molinbe01,2/D,96,325,31,85,6,40,0,16,0.262,0.309,0.351,0.66
Jose Molina\molinjo01,2,15,37,8,10,2,4,0,3,0.27,0.325,0.514,0.839
Raul Mondesi\mondera01,*9,149,572,88,144,27,84,30,73,0.252,0.342,0.453,0.794
Craig Monroe\monrocr01,9/7D,27,52,8,11,2,5,2,6,0.212,0.293,0.346,0.639
Trey Moore*\mooretr01,/1,2,1,0,1,0,0,0,0,1,1,2,3
Melvin Mora\morame01,86/4,128,436,49,109,7,48,11,41,0.25,0.329,0.362,0.692
Mike Mordecai\mordemi01,54/632D9,96,254,28,71,3,32,2,19,0.28,0.33,0.398,0.727
Juan Moreno*\morenju02,1,2,0,0,0,0,0,0,0,,,,
Mike Morgan\morgami01,1,31,0,0,0,0,0,0,1,,1,,
Matt Morris\morrima01,1,32,72,5,10,0,5,0,2,0.139,0.162,0.167,0.329
Warren Morris*\morriwa02,42830,48,103,6,21,2,11,2,3,0.204,0.239,0.32,0.559
Damian Moss\mossda01,/1,5,1,0,0,0,0,0,1,0,0.5,0,0.5
Guillermo Mota\motagu01,1,49,3,0,1,0,0,0,0,0.333,0.333,0.333,0.667
Chad Mottola\mottoch01,/978,5,7,1,0,0,1,0,2,0,0.2,0,0.2
James Mouton\moutoja01,87/9D,75,138,20,34,2,10,7,11,0.246,0.329,0.348,0.677
Lyle Mouton\moutoly01,/79,21,17,1,1,0,1,0,0,0.059,0.059,0.059,0.118
Jamie Moyer*\moyerja01,1,1,1,0,0,0,0,0,0,0,0,0,0
Bill Mueller#\muellbi02,42859,70,210,38,62,6,23,1,37,0.295,0.403,0.448,0.851
Mark Mulder*\muldema01,1,2,5,0,1,0,0,0,0,0.2,0.2,0.2,0.4
Terry Mulholland\mulhote01,1,40,9,0,0,0,0,0,0,0,0,0,0
Terry Mulholland\mulhote01,1,21,3,0,0,0,0,0,0,0,0,0,0
Terry Mulholland\mulhote01,1,19,6,0,0,0,0,0,0,0,0,0,0
Bobby Munoz\munozbo01,1,15,11,0,0,0,0,0,0,0,0,0,0
Eric Munson*\munsoer01,3,17,66,4,10,1,6,0,3,0.152,0.188,0.273,0.461
Calvin Murray\murraca01,8,106,326,54,80,6,25,8,32,0.245,0.319,0.356,0.674
Heath Murray*\murrahe01,1,2,0,0,0,0,0,0,0,,,,
Mike Mussina*\mussimi01,1,3,7,0,1,0,1,0,0,0.143,0.143,0.143,0.286
Greg Myers*\myersgr01,2D,58,161,24,36,11,31,0,21,0.224,0.313,0.447,0.76
Greg Myers*\myersgr01,D/2,25,74,11,20,4,18,0,8,0.27,0.341,0.459,0.801
Greg Myers*\myersgr01,2/D,33,87,13,16,7,13,0,13,0.184,0.29,0.437,0.727
Mike Myers*\myersmi01,1,71,0,0,0,0,0,0,0,,,,
Rodney Myers\myersro01,1,36,2,0,0,0,0,0,0,0,0,0,0
Aaron Myette\myettaa01,1,1,0,0,0,0,0,0,0,,,,
Charles Nagy*\nagych01,1,1,1,1,1,0,0,0,0,1,1,1,2
Denny Neagle*\neaglde01,1,29,56,6,11,2,9,0,2,0.196,0.233,0.375,0.608
Blaine Neal*\nealbl01,/1,4,0,0,0,0,0,0,0,,,,
Jeff Nelson\nelsoje01,1,3,0,0,0,0,0,0,0,,,,
Joe Nelson\nelsojo01,/1,1,0,0,0,0,0,0,0,,,,
Robb Nen\nenro01,1,75,1,0,0,0,0,0,0,0,0,0,0
Nick Neugebauer\neugeni01,/1,2,3,0,0,0,0,0,0,0,0,0,0
Phil Nevin\nevinph01,*5/D,149,546,97,167,41,126,4,71,0.306,0.388,0.588,0.976
David Newhan*\newhada01,/4,7,6,2,2,0,1,0,1,0.333,0.375,0.5,0.875
Chris Nichting\nichtch01,1,40,1,1,0,0,0,0,0,0,0,0,0
Chris Nichting\nichtch01,1,33,1,0,0,0,0,0,0,0,0,0,0
Chris Nichting\nichtch01,/1,7,0,1,0,0,0,0,0,,,,
Doug Nickle\nickldo01,/1,2,0,0,0,0,0,0,0,,,,
Jose Nieves\nievejo01,46/D53,29,53,5,13,2,3,0,2,0.245,0.298,0.453,0.751
C.J. Nitkowski*\nitkoc.01,1,8,0,0,0,0,0,0,0,,,,
C.J. Nitkowski*\nitkoc.01,1,3,0,0,0,0,0,0,0,,,,
C.J. Nitkowski*\nitkoc.01,/1,5,0,0,0,0,0,0,0,,,,
Trot Nixon*\nixontr01,*98/D,148,535,100,150,27,88,7,79,0.28,0.376,0.505,0.881
Hideo Nomo\nomohi01,1,2,5,0,1,0,0,0,0,0.2,0.2,0.2,0.4
Greg Norton#\nortogr01,573/9D,117,225,30,60,13,40,1,19,0.267,0.321,0.516,0.837
Abraham Nunez#\nunezab01,46/57,115,301,30,79,1,21,8,28,0.262,0.326,0.336,0.662
Jose Nunez*\nunezjo02,1,58,3,0,0,0,0,0,0,0,0,0,0
Jose Nunez*\nunezjo02,/1,6,0,0,0,0,0,0,0,,,,
Jose Nunez*\nunezjo02,1,52,3,0,0,0,0,0,0,0,0,0,0
Vladimir Nunez\nunezvl01,1,49,9,1,1,0,0,0,1,0.111,0.2,0.111,0.311
Troy O'Leary*\o'leatr01,79/D,104,341,50,82,13,50,1,25,0.24,0.298,0.437,0.735
Paul O'Neill*\o'neipa01,*9/D,137,510,77,136,21,70,22,48,0.267,0.33,0.459,0.789
Alex Ochoa\ochoaal01,*97/8D,148,536,73,148,8,52,17,45,0.276,0.334,0.403,0.737
Alex Ochoa\ochoaal01,9/7D,90,349,48,101,7,35,12,24,0.289,0.337,0.43,0.767
Alex Ochoa\ochoaal01,79/8,58,187,25,47,1,17,5,21,0.251,0.33,0.353,0.683
Jose Offerman#\offerjo01,43,128,524,76,140,9,49,5,61,0.267,0.342,0.374,0.716
Tomo Ohka#\ohkato01,1,11,18,1,3,0,1,0,0,0.167,0.167,0.167,0.333
Tomo Ohka#\ohkato01,1,1,3,0,0,0,0,0,0,0,0,0,0
Tomo Ohka#\ohkato01,1,10,15,1,3,0,1,0,0,0.2,0.2,0.2,0.4
Will Ohman*\ohmanwi01,1,11,2,0,0,0,0,0,0,0,0,0,0
Augie Ojeda#\ojedaau01,564,78,144,16,29,1,12,1,12,0.201,0.269,0.271,0.54
John Olerud*\olerujo01,*3,159,572,91,173,21,95,3,94,0.302,0.401,0.472,0.873
Omar Olivares\olivaom01,1,44,27,3,6,1,6,0,0,0.222,0.222,0.407,0.63
Darren Oliver\oliveda02,1,3,6,0,2,0,0,0,0,0.333,0.333,0.5,0.833
Joe Oliver\olivejo01,2,17,48,4,12,1,3,0,2,0.25,0.275,0.354,0.629
Joe Oliver\olivejo01,2,12,36,3,9,1,2,0,1,0.25,0.263,0.361,0.624
Joe Oliver\olivejo01,/2,5,12,1,3,0,1,0,1,0.25,0.308,0.333,0.641
Kevin Olsen\olsenke01,/1,4,3,0,0,0,0,0,0,0,0,0,0
Gregg Olson\olsongr01,1,28,0,0,0,0,0,0,0,,,,
Luis Ordaz\ordazlu01,4/65D,28,56,8,14,0,4,0,3,0.25,0.295,0.304,0.599
Magglio Ordonez\ordonma01,*9/D8,160,593,97,181,31,113,25,70,0.305,0.382,0.533,0.914
Rey Ordonez\ordonre01,*6,149,461,31,114,3,44,3,34,0.247,0.299,0.336,0.635
Eddie Oropesa*\oropeed01,1,28,0,0,0,0,0,0,0,,,,
Jesse Orosco\oroscje01,1,32,0,0,0,0,0,0,0,,,,
Bill Ortega\ortegbi01,,5,5,0,1,0,0,0,0,0.2,0.2,0.2,0.4
David Ortiz*\ortizda01,D/3,89,303,46,71,18,48,1,40,0.234,0.324,0.475,0.799
Hector Ortiz\ortizhe01,2/D,56,154,12,38,0,11,1,9,0.247,0.293,0.299,0.591
Jose Ortiz\ortizjo04,4/D,64,246,42,59,13,38,4,17,0.24,0.297,0.439,0.736
Jose Ortiz\ortizjo04,4/D,11,42,4,7,0,3,1,3,0.167,0.217,0.167,0.384
Jose Ortiz\ortizjo04,4,53,204,38,52,13,35,3,14,0.255,0.314,0.495,0.809
Ramon Ortiz\ortizra02,1,2,7,0,0,0,0,0,0,0,0,0,0
Russ Ortiz\ortizru01,1,32,67,6,13,0,6,0,5,0.194,0.247,0.284,0.53
Keith Osik\osikke01,602318,56,120,9,25,2,13,1,13,0.208,0.299,0.292,0.591
Jimmy Osting\ostinji01,/1,3,0,0,0,0,0,0,0,,,,
Roy Oswalt\oswalro01,1,26,47,3,9,0,3,0,1,0.191,0.208,0.213,0.421
Lyle Overbay*\overbly01,,2,2,0,1,0,0,0,0,0.5,0.5,0.5,1
Eric Owens\owenser01,98/D7,119,400,51,101,5,28,8,29,0.253,0.302,0.335,0.637
Vicente Padilla\padilvi01,1,21,3,1,1,0,0,0,1,0.333,0.5,0.667,1.167
Lance Painter*\paintla01,1,13,0,0,0,0,0,0,0,,,,
Lance Painter*\paintla01,1,13,0,0,0,0,0,0,0,,,,
Orlando Palmeiro*\palmeor01,D97/8,104,230,29,56,2,23,6,25,0.243,0.319,0.322,0.641
Rafael Palmeiro*\palmera01,*3D,160,600,98,164,47,123,1,101,0.273,0.381,0.563,0.944
Dean Palmer\palmede01,D,57,216,34,48,11,40,4,27,0.222,0.317,0.426,0.743
Jose Paniagua\paniajo01,1,3,1,0,0,0,0,0,0,0,0,0,0
Craig Paquette\paquecr01,5793/4,123,340,47,96,15,64,3,18,0.282,0.326,0.465,0.791
Chan Ho Park\parkch01,1,34,69,6,10,0,4,0,5,0.145,0.203,0.188,0.391
Chad Paronto\paronch01,1,3,0,0,0,0,0,0,0,,,,
Steve Parris\parrist01,1,1,1,0,0,0,0,0,0,0,0,0,0
John Parrish*\parrijo01,1,2,0,0,0,0,0,0,0,,,,
Corey Patterson*\patteco01,87/9,59,131,26,29,4,14,4,6,0.221,0.266,0.336,0.602
Danny Patterson\patteda04,1,4,0,0,0,0,0,0,0,,,,
Jarrod Patterson*\patteja01,5,13,41,6,11,2,4,0,0,0.268,0.302,0.488,0.79
Josh Paul\pauljo01,2,57,139,20,37,3,18,6,13,0.266,0.327,0.41,0.737
Carl Pavano\pavanca01,/1,8,13,0,1,0,0,0,0,0.077,0.077,0.077,0.154
Jay Payton\paytoja01,8,104,361,44,92,8,34,4,18,0.255,0.298,0.371,0.669
Angel Pena\penaan01,2,22,54,3,11,1,2,0,1,0.204,0.214,0.278,0.492
Carlos Pena*\penaca01,3/D,22,62,6,16,3,12,0,10,0.258,0.361,0.5,0.861
Elvis Pena#\penael01,4,15,40,5,9,0,6,2,6,0.225,0.333,0.275,0.608
Brad Penny\pennybr01,1,29,62,5,10,0,1,0,1,0.161,0.175,0.21,0.384
Troy Percival\percitr01,1,3,0,0,0,0,0,0,0,,,,
Eddie Perez\perezed02,/2,5,10,0,3,0,0,0,0,0.3,0.3,0.3,0.6
Neifi Perez#\perezne01,*6/4,136,581,83,162,8,59,9,26,0.279,0.309,0.396,0.705
Neifi Perez#\perezne01,6,87,382,65,114,7,47,6,16,0.298,0.326,0.445,0.771
Neifi Perez#\perezne01,42890,49,199,18,48,1,12,3,10,0.241,0.277,0.302,0.579
Odalis Perez*\perezod01,1,24,26,1,5,0,1,0,0,0.192,0.222,0.231,0.453
Robert Perez\perezro01,/89D,8,20,1,4,0,0,0,1,0.2,0.238,0.25,0.488
Robert Perez\perezro01,/89D,6,15,1,4,0,0,0,1,0.267,0.313,0.333,0.646
Robert Perez\perezro01,/9,2,5,0,0,0,0,0,0,0,0,0,0
Santiago Perez#\perezsa01,2215045,43,81,13,16,0,4,5,15,0.198,0.32,0.21,0.529
Timo Perez*\perezti01,32021,85,239,26,59,5,22,1,12,0.247,0.287,0.356,0.643
Tomas Perez#\perezto03,4/569,62,135,11,41,3,19,0,7,0.304,0.347,0.437,0.784
Herbert Perry\perryhe01,53D,92,285,38,73,7,32,2,23,0.256,0.326,0.411,0.736
Robert Person\persoro01,1,31,67,4,8,2,6,0,3,0.119,0.157,0.224,0.381
Chris Peters*\peterch01,1,13,11,1,1,0,0,0,0,0.091,0.091,0.091,0.182
Kyle Peterson*\peterky01,/1,3,5,1,1,0,1,0,0,0.2,0.2,0.4,0.6
Mark Petkovsek\petkoma01,1,4,1,0,0,0,0,0,0,0,0,0,0
Ben Petrick\petribe01,42769,85,244,41,58,11,39,3,31,0.238,0.327,0.459,0.786
Andy Pettitte*\pettian01,1,2,4,0,0,0,0,0,0,0,0,0,0
Adam Pettyjohn\pettyad01,1,1,2,0,0,0,0,0,0,0,0,0,0
Josh Phelps\phelpjo01,/2,8,12,3,0,0,1,1,2,0,0.143,0,0.143
Travis Phelps\phelptr01,1,4,0,0,0,0,0,0,0,,,,
Jason Phillips\phillja04,/2,6,7,2,1,0,0,0,0,0.143,0.143,0.286,0.429
Adam Piatt\piattad01,9/D,36,95,9,20,0,6,0,13,0.211,0.3,0.284,0.584
Mike Piazza\piazzmi01,*2/D,141,503,81,151,36,94,0,67,0.3,0.384,0.573,0.957
Hipolito Pichardo\pichahi01,1,6,0,0,0,0,0,0,0,,,,
Calvin Pickering*\pickeca01,3/D,21,54,4,15,3,8,0,8,0.278,0.371,0.463,0.834
Calvin Pickering*\pickeca01,,4,4,0,1,0,1,0,0,0.25,0.25,0.25,0.5
Calvin Pickering*\pickeca01,3/D,17,50,4,14,3,7,0,8,0.28,0.379,0.48,0.859
Juan Pierre*\pierrju01,*8,156,617,108,202,2,55,46,41,0.327,0.378,0.415,0.793
Chris Piersoll\piersch01,1,11,0,0,0,0,0,0,0,,,,
A.J. Pierzynski*\pierza.01,*2/D,114,381,51,110,7,55,1,16,0.289,0.322,0.441,0.763
Dan Plesac*\plesada01,1,4,0,0,0,0,0,0,0,,,,
Scott Podsednik*\podsesc01,/789,5,6,1,1,0,3,0,0,0.167,0.167,0.5,0.667
Placido Polanco\polanpl01,564/D,144,564,87,173,3,38,12,25,0.307,0.342,0.383,0.725
Cliff Politte\politcl01,1,22,2,1,0,0,0,0,1,0,0.333,0,0.333
Sidney Ponson\ponsosi01,1,2,3,0,0,0,0,0,0,0,0,0,0
Bo Porter\portebo03,798/D,48,87,18,20,1,6,3,9,0.23,0.296,0.356,0.652
Jorge Posada#\posadjo01,*2/D3,138,484,59,134,22,95,2,62,0.277,0.363,0.475,0.838
Lou Pote\potelo01,1,5,0,0,0,0,0,0,0,,,,
Brian Powell\powelbr01,/1,1,1,0,0,0,0,0,0,0,0,0,0
Dante Powell\powelda01,/798,13,6,5,2,0,0,0,0,0.333,0.333,0.333,0.667
Jay Powell\powelja04,1,68,1,0,0,0,0,0,0,0,0,0,0
Jay Powell\powelja04,1,32,1,0,0,0,0,0,0,0,0,0,0
Jay Powell\powelja04,1,36,0,0,0,0,0,0,0,,,,
Todd Pratt\prattto02,42769,80,173,18,32,4,11,1,34,0.185,0.327,0.301,0.628
Todd Pratt\prattto02,2,45,80,6,13,2,4,1,15,0.163,0.306,0.3,0.606
Todd Pratt\prattto02,42769,35,93,12,19,2,7,0,19,0.204,0.345,0.301,0.646
Curtis Pride*\pridecu01,7/9D8,36,76,8,19,1,9,3,9,0.25,0.345,0.355,0.7
Tom Prince\princto01,2,64,196,19,43,7,23,3,12,0.219,0.284,0.357,0.641
Bret Prinz\prinzbr01,1,44,0,0,0,0,0,0,0,,,,
Luke Prokopec*\prokolu01,1,28,36,1,7,0,0,0,0,0.194,0.194,0.222,0.417
Albert Pujols\pujolal01,5379/D,161,590,112,194,37,130,1,69,0.329,0.403,0.61,1.013
Bill Pulsipher*\pulsibi01,1,4,0,0,0,0,0,0,0,,,,
Bill Pulsipher*\pulsibi01,1,4,0,0,0,0,0,0,0,,,,
Nick Punto#\puntoni01,/6,4,5,0,2,0,0,0,0,0.4,0.4,0.4,0.8
Paul Quantrill*\quantpa01,1,4,0,0,0,0,0,0,0,,,,
Ruben Quevedo\queveru01,1,10,16,1,4,0,1,0,0,0.25,0.25,0.25,0.5
Mark Quinn\quinnma01,97D,118,453,57,122,17,60,9,12,0.269,0.298,0.459,0.757
Brad Radke\radkebr01,1,2,4,0,2,0,0,0,0,0.5,0.5,0.5,1
Tim Raines#\raineti01,7/D,51,89,14,27,1,9,1,18,0.303,0.413,0.449,0.862
Tim Raines#\raineti01,/8,47,78,13,24,0,4,1,18,0.308,0.433,0.436,0.869
Tim Raines\raineti02,7,7,23,6,4,0,0,3,3,0.174,0.269,0.261,0.53
Tim Raines#\raineti01,/7D,4,11,1,3,1,5,0,0,0.273,0.25,0.545,0.795
Aramis Ramirez\ramirar01,*5,158,603,83,181,34,112,5,40,0.3,0.35,0.536,0.885
Julio Ramirez\ramirju02,42954,22,37,2,3,0,1,2,2,0.081,0.128,0.081,0.209
Manny Ramirez\ramirma02,D7,142,529,93,162,41,125,0,81,0.306,0.405,0.609,1.014
Joe Randa\randajo01,*5D/4,151,581,59,147,13,83,3,42,0.253,0.307,0.386,0.693
Cody Ransom\ransoco01,/6,9,7,1,0,0,0,0,0,0,0,0,0
Pat Rapp\rapppa01,1,2,5,0,0,0,0,0,0,0,0,0,0
Britt Reames\reamebr01,1,41,17,2,2,1,2,0,4,0.118,0.286,0.294,0.58
Jeff Reboulet\rebouje01,64/57,94,214,35,57,3,22,0,33,0.266,0.367,0.397,0.764
Tim Redding\redditi01,1,12,14,0,3,0,1,0,0,0.214,0.214,0.214,0.429
Tike Redman*\redmaju01,42956,37,125,8,28,1,4,3,4,0.224,0.246,0.296,0.542
Mike Redmond\redmomi01,2,48,141,19,44,4,14,0,13,0.312,0.376,0.426,0.801
Rick Reed\reedri01,1,19,40,2,5,0,4,0,1,0.125,0.143,0.15,0.293
Rick Reed\reedri01,1,19,40,2,5,0,4,0,1,0.125,0.143,0.15,0.293
Steve Reed\reedst01,1,38,0,0,0,0,0,0,0,,,,
Steve Reed\reedst01,1,1,0,0,0,0,0,0,0,,,,
Steve Reed\reedst01,1,37,0,0,0,0,0,0,0,,,,
Pokey Reese\reesepo01,64,133,428,50,96,9,40,25,34,0.224,0.284,0.343,0.627
Dan Reichert\reichda01,1,2,5,0,0,0,0,0,0,0,0,0,0
Brian Reith\reithbr01,/1,9,12,0,3,0,2,1,0,0.25,0.25,0.25,0.5
Chris Reitsma\reitsch01,1,36,48,3,5,0,1,0,2,0.104,0.157,0.125,0.282
Bryan Rekar\rekarbr01,1,1,2,0,0,0,0,0,0,0,0,0,0
Desi Relaford#\relafde01,465/1,120,301,43,91,8,36,13,27,0.302,0.364,0.472,0.836
Mike Remlinger*\remlimi01,1,71,2,0,0,0,0,0,0,0,0,0,0
Edgar Renteria\renteed01,*6/3D,141,493,54,128,10,57,17,39,0.26,0.314,0.371,0.685
Alberto Reyes\reyesal01,1,17,3,1,1,0,0,0,0,0.333,0.333,0.333,0.667
Dennys Reyes\reyesde01,1,36,11,0,2,0,0,0,0,0.182,0.182,0.182,0.364
Shane Reynolds\reynosh01,1,27,52,4,4,1,4,0,1,0.077,0.094,0.135,0.229
Armando Reynoso\reynoar02,/1,8,10,0,1,0,2,0,0,0.1,0.1,0.2,0.3
Arthur Rhodes*\rhodear01,1,3,1,0,0,0,0,0,0,0,0,0,0
Chris Richard*\richach01,98D3,136,483,74,128,15,61,11,45,0.265,0.335,0.435,0.77
John Riedling\riedljo01,1,29,1,0,0,0,0,0,0,0,0,0,0
Paul Rigdon\rigdopa01,1,14,20,1,4,0,1,0,0,0.2,0.2,0.2,0.4
Jerrod Riggan\riggaje01,1,35,2,0,0,0,0,0,0,0,0,0,0
Adam Riggs\riggsad01,42830,12,36,2,7,0,1,1,2,0.194,0.237,0.222,0.459
Jose Rijo\rijojo01,1,13,0,0,0,0,0,0,0,,,,
Juan Rincon\rincoju01,/1,1,1,0,1,0,0,0,0,1,1,1,2
Ricardo Rincon*\rincori01,1,3,0,0,0,0,0,0,0,,,,
Armando Rios*\riosar01,97/8,95,319,38,83,14,50,3,36,0.26,0.332,0.464,0.796
Armando Rios*\riosar01,97/8,93,316,38,82,14,49,3,34,0.259,0.33,0.465,0.795
Armando Rios*\riosar01,/9,2,3,0,1,0,1,0,2,0.333,0.5,0.333,0.833
Cal Ripken\ripkeca01,*5D,128,477,43,114,14,68,0,26,0.239,0.276,0.361,0.637
Todd Ritchie\ritchto01,1,32,59,1,9,0,3,0,3,0.153,0.194,0.186,0.38
Luis Rivas\rivaslu01,*4,153,563,70,150,7,47,31,40,0.266,0.319,0.362,0.682
Juan Rivera\riverju01,/98,3,4,0,0,0,0,0,0,0,0,0,0
Mariano Rivera\riverma01,1,5,0,0,0,0,0,0,0,,,,
Mike Rivera\rivermi02,/2,4,12,2,4,0,1,0,0,0.333,0.333,0.5,0.833
Ruben Rivera\riverru01,897,117,263,37,67,10,34,6,21,0.255,0.321,0.426,0.747
Brian Roberts#\roberbr01,64/D,75,273,42,69,2,17,12,13,0.253,0.284,0.341,0.624
Dave Roberts*\roberda07,/78D9,15,12,3,4,0,2,0,1,0.333,0.385,0.417,0.801
Grant Roberts\robergr01,1,16,3,0,0,0,0,0,0,0,0,0,0
Willis Roberts\roberwi01,1,2,4,0,1,0,0,0,0,0.25,0.25,0.25,0.5
Kerry Robinson*\robinke02,789,114,186,34,53,1,15,11,12,0.285,0.33,0.344,0.674
John Rocker\rockejo01,1,30,0,0,0,0,0,0,0,,,,
John Rocker\rockejo01,1,28,0,0,0,0,0,0,0,,,,
John Rocker\rockejo01,1,2,0,0,0,0,0,0,0,,,,
Alex Rodriguez\rodrial01,*6/D,162,632,133,201,52,135,18,75,0.318,0.399,0.622,1.021
Felix Rodriguez\rodrife01,1,77,0,0,0,0,0,0,0,,,,
Frankie Rodriguez\rodrifr02,/1,6,1,0,0,0,0,0,0,0,0,0,0
Henry Rodriguez*\rodrihe02,/D,5,8,0,0,0,0,0,0,0,0,0,0
Ivan Rodriguez\rodriiv01,2/D,111,442,70,136,25,65,10,23,0.308,0.347,0.541,0.888
Rich Rodriguez*\rodriri02,1,2,0,0,0,0,0,0,0,,,,
Wilfredo Rodriguez*\rodriwi01,/1,2,0,0,0,0,0,0,0,,,,
Kenny Rogers*\rogerke01,1,1,2,0,0,0,0,0,0,0,0,0,0
Scott Rolen\rolensc01,*5,151,554,96,160,25,107,16,74,0.289,0.378,0.498,0.876
Jimmy Rollins#\rolliji01,*6,158,656,97,180,14,54,46,48,0.274,0.323,0.419,0.743
Damian Rolls\rollsda01,48/7D5,81,237,33,62,2,12,12,10,0.262,0.291,0.342,0.633
J.C. Romero#\romerj.01,1,1,2,1,1,0,0,0,0,0.5,0.5,1,1.5
Brian Rose\rosebr01,1,3,1,0,0,0,0,0,0,0,0,0,0
Brian Rose\rosebr01,/1,3,1,0,0,0,0,0,0,0,0,0,0
Aaron Rowand\rowanaa01,789,63,123,21,36,4,20,5,15,0.293,0.385,0.431,0.816
Kirk Rueter*\rueteki01,1,34,58,5,10,0,5,0,5,0.172,0.234,0.172,0.407
Johnny Ruffin\ruffijo01,/1,3,0,0,0,0,0,0,0,,,,
Ryan Rupe\rupery01,1,1,3,1,1,0,0,0,0,0.333,0.333,0.667,1
Glendon Rusch*\ruschgl01,1,31,54,0,3,0,5,0,1,0.056,0.073,0.056,0.128
B.J. Ryan*\ryanb.01,1,4,1,0,0,0,0,0,0,0,0,0,0
Rob Ryan*\ryanro02,/8D9,8,8,0,0,0,0,0,0,0,0,0,0
Rob Ryan*\ryanro02,,1,1,0,0,0,0,0,0,0,0,0,0
Rob Ryan*\ryanro02,/8D9,7,7,0,0,0,0,0,0,0,0,0,0
CC Sabathia*\sabatc.01,1,2,4,0,0,0,0,0,0,0,0,0,0
Erik Sabel\sabeler01,1,37,0,0,0,0,0,0,0,,,,
Donnie Sadler\sadledo01,4657/98D,93,185,28,30,1,5,7,18,0.162,0.243,0.211,0.454
Donnie Sadler\sadledo01,46/789D,39,84,9,17,1,3,3,9,0.202,0.28,0.274,0.553
Donnie Sadler\sadledo01,54/9678D,54,101,19,13,0,2,4,9,0.129,0.212,0.158,0.371
Olmedo Saenz\saenzol01,D35,106,305,33,67,9,32,0,19,0.22,0.291,0.384,0.675
Tim Salmon\salmoti01,*9D,137,475,63,108,17,49,9,96,0.227,0.365,0.383,0.748
Alex Sanchez*\sanchal03,29068,30,68,7,14,0,4,6,5,0.206,0.26,0.309,0.569
Jesus Sanchez*\sanchje01,1,17,17,2,4,0,1,0,0,0.235,0.235,0.235,0.471
Rey Sanchez\sanchre01,*6,149,544,56,153,0,37,11,15,0.281,0.3,0.336,0.637
Rey Sanchez\sanchre01,6,100,390,46,118,0,28,9,11,0.303,0.322,0.364,0.686
Rey Sanchez\sanchre01,6,49,154,10,35,0,9,2,4,0.227,0.245,0.266,0.512
Jared Sandberg\sandbja01,42858,39,136,13,28,1,15,1,10,0.206,0.265,0.279,0.545
Anthony Sanders\sandean01,/79,9,17,1,3,0,2,0,2,0.176,0.263,0.294,0.557
Deion Sanders*\sandede02,7/8D9,32,75,6,13,1,4,3,4,0.173,0.235,0.24,0.475
Reggie Sanders\sandere02,*9,126,441,84,116,33,90,14,46,0.263,0.337,0.549,0.886
Johan Santana*\santajo02,1,1,0,0,0,0,0,0,0,,,,
Pedro Santana\santape01,/4,1,0,0,0,0,0,0,0,,,,
F.P. Santangelo#\santaf.01,4/85D9,32,71,16,14,0,8,1,11,0.197,0.341,0.254,0.594
Benito Santiago\santibe01,*2/3,133,477,39,125,6,45,5,23,0.262,0.295,0.369,0.664
Jose Santiago\santijo03,1,50,3,0,0,0,0,0,1,0,0.25,0,0.25
Jose Santiago\santijo03,1,50,3,0,0,0,0,0,1,0,0.25,0,0.25
Angel Santos#\santoan01,/4,9,16,2,2,0,1,0,2,0.125,0.211,0.188,0.398
Kazuhiro Sasaki\sasakka01,1,3,0,0,0,0,0,0,0,,,,
Luis Saturria\saturlu01,/879,13,5,0,1,0,1,1,0,0.2,0.2,0.4,0.6
Scott Sauerbeck\sauersc01,1,66,2,0,0,0,0,0,0,0,0,0,0
Bob Scanlan\scanlbo01,1,15,0,0,0,0,0,0,0,,,,
Curt Schilling\schilcu01,1,34,83,4,11,0,1,0,1,0.133,0.143,0.145,0.287
Jason Schmidt\schmija01,1,23,49,5,8,2,4,0,1,0.163,0.18,0.286,0.466
Jason Schmidt\schmija01,1,12,23,2,4,1,1,0,0,0.174,0.174,0.304,0.478
Jason Schmidt\schmija01,1,11,26,3,4,1,3,0,1,0.154,0.185,0.269,0.454
Brian Schneider*\schnebr01,2,27,41,4,13,1,6,0,6,0.317,0.396,0.463,0.859
Scott Schoeneweis*\schoesc01,1,1,0,0,0,0,0,0,2,,1,,
Pete Schourek*\schoupe01,1,1,0,0,0,0,0,0,0,,,,
Scott Seabol\seabosc01,/D,1,1,0,0,0,0,0,0,0,0,0,0
Rudy Seanez\seaneru01,1,37,0,0,0,0,0,0,0,,,,
Rudy Seanez\seaneru01,1,25,0,0,0,0,0,0,0,,,,
Rudy Seanez\seaneru01,1,12,0,0,0,0,0,0,0,,,,
Chris Seelbach\seelbch02,/1,5,0,0,0,0,0,0,0,,,,
Kevin Sefcik\sefcike01,,1,1,0,0,0,0,0,0,0,0,0,0
David Segui#\seguida01,3D,82,292,48,88,10,46,1,49,0.301,0.406,0.473,0.879
Fernando Seguignol#\seguife01,/379,46,50,0,7,0,5,0,2,0.14,0.185,0.18,0.365
Bill Selby*\selbybi01,19450,36,92,7,21,2,12,0,5,0.228,0.273,0.391,0.664
Aaron Sele\seleaa01,1,3,6,2,1,0,1,0,0,0.167,0.167,0.167,0.333
Wascar Serrano\serrawa01,1,20,9,0,1,0,0,0,0,0.111,0.111,0.111,0.222
Scott Servais\servasc01,/2,11,16,1,6,0,0,0,2,0.375,0.444,0.375,0.819
Richie Sexson\sexsori01,*3,158,598,94,162,45,125,2,60,0.271,0.342,0.547,0.889
Jeff Shaw\shawje01,1,75,0,0,0,0,0,0,0,,,,
Andy Sheets\sheetan01,6,49,153,10,30,1,14,2,12,0.196,0.251,0.268,0.519
Ben Sheets\sheetbe01,1,23,42,4,3,0,1,0,4,0.071,0.152,0.071,0.224
Gary Sheffield\sheffga01,*7/D9,143,515,98,160,36,100,10,94,0.311,0.417,0.583,1
Scott Sheldon\sheldsc01,56/729,61,120,11,24,3,11,1,3,0.2,0.216,0.317,0.533
Scot Shields\shielsc01,/1,1,0,0,0,0,0,0,0,,,,
Tsuyoshi Shinjo\shinjts01,*879,123,400,46,107,10,56,4,25,0.268,0.32,0.405,0.725
Paul Shuey\shueypa01,1,3,0,0,0,0,0,0,0,,,,
Terry Shumpert\shumpte01,475/6,114,242,37,70,4,24,14,15,0.289,0.337,0.438,0.775
Ruben Sierra#\sierrru01,D9/7,94,344,55,100,23,67,2,19,0.291,0.322,0.561,0.884
Jose Silva\silvajo01,1,26,2,0,0,0,0,0,0,0,0,0,0
Brian Simmons#\simmobr01,78/9D,60,107,8,19,2,8,1,8,0.178,0.239,0.28,0.52
Randall Simon*\simonra01,3D,81,256,28,78,6,37,0,15,0.305,0.341,0.445,0.786
Chris Singleton*\singlch01,*87/9D,140,392,57,117,7,45,12,20,0.298,0.331,0.431,0.762
Joe Slusarski\slusajo01,1,10,0,0,0,0,0,0,0,,,,
Joe Slusarski\slusajo01,/1,4,0,0,0,0,0,0,0,,,,
Joe Slusarski\slusajo01,/1,6,0,0,0,0,0,0,0,,,,
J.D. Smart\smartj.01,1,3,0,0,0,0,0,0,0,,,,
Bob Smith\smithbo06,/4,6,19,1,2,0,1,0,3,0.105,0.227,0.105,0.333
Bud Smith*\smithbu02,1,15,25,0,4,0,1,0,1,0.16,0.192,0.16,0.352
Chuck Smith\smithch07,1,13,26,1,5,0,3,0,1,0.192,0.222,0.192,0.415
Jason Smith*\smithja05,/6,2,1,0,0,0,0,0,0,0,0,0,0
Mark Smith\smithma03,7/893,80,194,28,47,6,18,0,23,0.242,0.326,0.412,0.738
John Smoltz\smoltjo01,1,35,7,0,0,0,0,0,1,0,0.125,0,0.125
J.T. Snow*\snowj.01,3,101,285,43,70,8,34,0,55,0.246,0.371,0.379,0.75
Scott Sobkowiak\sobkosc01,/1,1,0,0,0,0,0,0,0,,,,
Luis Sojo\sojolu01,5/346D,39,79,5,13,0,9,1,4,0.165,0.214,0.19,0.404
Alfonso Soriano\soriaal01,*4/D,158,574,77,154,18,73,43,29,0.268,0.304,0.432,0.736
Juan Sosa\sosaju01,/5,2,1,0,0,0,0,0,0,0,0,0,0
Sammy Sosa\sosasa01,*9,160,577,146,189,64,160,0,116,0.328,0.437,0.737,1.174
Steve Sparks\sparkst01,1,3,4,0,0,0,0,0,0,0,0,0,0
Justin Speier\speieju01,1,42,7,0,0,0,0,0,0,0,0,0,0
Justin Speier\speieju01,1,42,7,0,0,0,0,0,0,0,0,0,0
Shane Spencer\spencsh01,79D,80,283,40,73,10,46,4,21,0.258,0.315,0.428,0.743
Bill Spiers*\spierbi01,,4,3,0,1,0,0,0,1,0.333,0.5,0.333,0.833
Scott Spiezio#\spiezsc01,3D57/9,139,457,57,124,13,54,5,34,0.271,0.326,0.438,0.764
Junior Spivey\spiveju01,42831,72,163,33,42,5,21,3,23,0.258,0.354,0.423,0.778
Tim Spooneybarger\spoonti01,/1,4,0,0,0,0,0,0,0,,,,
Ed Sprague\spraged02,3/D5729,45,94,9,28,2,16,0,11,0.298,0.374,0.436,0.81
Dennis Springer\sprinde01,/1,4,6,0,0,0,0,0,0,0,0,0,0
Russ Springer\sprinru01,1,18,0,0,0,0,0,0,0,,,,
Matt Stairs*\stairma01,37/D49,128,340,48,85,17,61,2,52,0.25,0.358,0.462,0.82
Mike Stanton*\stantmi02,1,6,0,0,0,0,0,0,0,,,,
Gene Stechschulte\stechge01,1,65,3,1,2,1,3,0,1,0.667,0.75,1.667,2.417
Blake Stein\steinbl01,1,3,2,0,0,0,0,0,0,0,0,0,0
Lee Stevens*\stevele01,*3,152,542,77,133,25,95,2,74,0.245,0.338,0.452,0.79
Scott Stewart\stewasc01,1,57,0,0,0,0,0,0,0,,,,
Shannon Stewart\stewash01,*7D,155,640,103,202,12,60,27,46,0.316,0.371,0.463,0.834
Kelly Stinnett\stinnke01,2/D,63,187,27,48,9,25,2,17,0.257,0.333,0.46,0.793
Ricky Stone\stoneri01,/1,6,0,0,0,0,0,0,0,,,,
Scott Strickland\stricsc02,1,75,3,0,0,0,0,0,0,0,0,0,0
Joe Strong#\stronjo01,/1,5,1,0,0,0,0,0,0,0,0,0,0
Tanyon Sturtze\sturtta01,1,3,8,0,1,0,0,0,0,0.125,0.125,0.125,0.25
Chris Stynes\stynech01,54/7,96,361,52,101,8,33,4,20,0.28,0.322,0.41,0.732
Scott Sullivan\sullisc01,1,75,3,0,0,0,0,0,0,0,0,0,0
Jeff Suppan\suppaje01,1,2,5,0,2,0,0,0,0,0.4,0.4,0.4,0.8
B.J. Surhoff*\surhob.01,*7/D,141,484,68,131,10,58,9,38,0.271,0.321,0.405,0.726
Larry Sutton*\suttola01,42803,33,42,3,5,1,3,0,1,0.119,0.14,0.214,0.354
Ichiro Suzuki*\suzukic01,*9/D,157,692,127,242,8,69,56,30,0.35,0.381,0.457,0.838
Mac Suzuki\suzukma01,1,19,18,0,0,0,0,0,1,0,0.053,0,0.053
Mac Suzuki\suzukma01,1,18,18,0,0,0,0,0,1,0,0.053,0,0.053
Mac Suzuki\suzukma01,1,1,0,0,0,0,0,0,0,,,,
Mac Suzuki\suzukma01,/1,3,1,0,0,0,0,0,0,0,0,0,0
Mac Suzuki\suzukma01,1,15,17,0,0,0,0,0,1,0,0.056,0,0.056
Mark Sweeney*\sweenma01,34151,48,89,9,23,3,11,2,12,0.258,0.347,0.416,0.762
Mike Sweeney\sweenmi01,3D,147,559,97,170,29,99,10,64,0.304,0.374,0.542,0.916
Greg Swindell\swindgr01,1,62,0,0,0,0,0,0,0,,,,
Jeff Tabaka\tabakje01,/1,8,0,0,0,0,0,0,0,,,,
Jeff Tam\tamje01,1,3,0,0,0,0,0,0,0,,,,
Kevin Tapani\tapanke01,1,29,50,1,12,0,2,0,1,0.24,0.255,0.24,0.495
Fernando Tatis\tatisfe01,5,41,145,20,37,2,11,0,16,0.255,0.339,0.359,0.698
Ed Taubensee*\taubeed01,2/D,52,116,16,29,3,11,0,10,0.25,0.315,0.362,0.677
Julian Tavarez*\tavarju01,1,32,41,4,5,0,4,0,3,0.122,0.182,0.122,0.304
Billy Taylor\taylobi04,/1,1,0,0,0,0,0,0,0,,,,
Reggie Taylor*\taylore01,/8,5,7,1,0,0,0,0,1,0,0.125,0,0.125
Miguel Tejada\tejadmi01,*6,162,622,107,166,31,113,11,43,0.267,0.326,0.476,0.801
Amaury Telemaco\telemam01,1,22,21,2,2,0,0,0,2,0.095,0.174,0.095,0.269
Anthony Telford\telfoan01,/1,8,0,0,0,0,0,0,0,,,,
Brad Thomas*\thomabr01,/1,1,0,0,0,0,0,0,0,,,,
Frank Thomas\thomafr04,D/3,20,68,8,15,4,10,0,10,0.221,0.316,0.441,0.758
Jim Thome*\thomeji01,*3/D,156,526,101,153,49,124,0,111,0.291,0.416,0.624,1.04
Ryan Thompson\thompry01,32021,18,31,6,9,0,2,0,1,0.29,0.313,0.452,0.764
John Thomson\thomsjo01,1,14,29,3,7,0,1,0,1,0.241,0.267,0.31,0.577
Mike Thurman\thurmmi01,1,27,42,0,1,0,0,0,2,0.024,0.068,0.024,0.092
Mike Timlin\timlimi01,1,65,1,0,0,0,0,0,0,0,0,0,0
Jorge Toca\tocajo01,/37,13,17,3,3,0,1,0,0,0.176,0.176,0.176,0.353
Kevin Tolar\tolarke01,/1,1,0,0,0,0,0,0,0,,,,
Brian Tollberg\tollbbr01,1,18,40,4,8,0,1,0,2,0.2,0.238,0.2,0.438
Steve Torrealba\torrest01,/2,2,2,0,1,0,0,0,0,0.5,0.5,0.5,1
Yorvit Torrealba\torreyo01,/2,3,4,0,2,0,2,0,0,0.5,0.5,1,1.5
Josh Towers\towerjo01,1,1,2,0,0,0,0,0,0,0,0,0,0
Steve Trachsel\trachst01,1,26,56,2,9,0,2,0,0,0.161,0.161,0.179,0.339
Andy Tracy*\tracyan01,5/3D,38,55,4,6,2,8,0,6,0.109,0.19,0.236,0.427
Bubba Trammell\trammbu01,*97/D,142,490,66,128,25,92,2,48,0.261,0.33,0.467,0.797
Mike Trombley\trombmi01,1,22,0,0,0,0,0,0,0,,,,
Mike Trombley\trombmi01,1,3,0,0,0,0,0,0,0,,,,
Mike Trombley\trombmi01,1,19,0,0,0,0,0,0,0,,,,
Chris Truby\trubych01,42858,48,136,11,28,8,23,1,13,0.206,0.276,0.441,0.717
Michael Tucker*\tuckemi01,*879/3,149,436,62,110,12,61,16,46,0.252,0.322,0.415,0.738
Michael Tucker*\tuckemi01,789,86,231,31,56,7,30,12,23,0.242,0.308,0.385,0.693
Michael Tucker*\tuckemi01,87/93,63,205,31,54,5,31,4,23,0.263,0.339,0.449,0.788
Jason Tyner*\tynerja01,78/9,105,396,51,111,0,21,31,15,0.28,0.311,0.326,0.637
Ugueth Urbina\urbinug01,1,42,1,0,0,0,0,0,0,0,0,0,0
Ugueth Urbina\urbinug01,1,42,1,0,0,0,0,0,0,0,0,0,0
Juan Uribe\uribeju01,6,72,273,32,82,8,53,3,8,0.3,0.325,0.524,0.849
Marc Valdes\valdema01,/1,9,0,0,0,0,0,0,0,,,,
Ismael Valdez\valdeis01,1,2,5,0,1,0,0,1,0,0.2,0.2,0.2,0.4
Mario Valdez*\valdema02,D/73,32,54,7,15,1,8,0,12,0.278,0.418,0.352,0.77
Eric Valent*\valener01,/7D9,22,41,3,4,0,1,0,4,0.098,0.196,0.146,0.342
John Valentin\valenjo02,42891,20,60,8,12,1,5,0,9,0.2,0.314,0.283,0.598
Jose Valentin#\valenjo03,568,124,438,74,113,28,68,9,50,0.258,0.336,0.509,0.845
Todd Van Poppel\vanpoto01,1,57,7,1,2,0,0,0,0,0.286,0.286,0.286,0.571
John Vander Wal*\vandejo02,*973/D,146,452,58,122,14,70,8,68,0.27,0.364,0.442,0.806
John Vander Wal*\vandejo02,973/D,97,313,39,87,11,50,7,42,0.278,0.361,0.473,0.834
John Vander Wal*\vandejo02,26908,49,139,19,35,3,20,1,26,0.252,0.37,0.374,0.744
Jason Varitek#\varitja01,2,51,174,19,51,7,25,0,21,0.293,0.371,0.489,0.859
Greg Vaughn\vaughgr01,D7,136,485,74,113,24,82,11,71,0.233,0.333,0.433,0.766
Javier Vazquez\vazquja01,1,31,62,5,16,0,1,0,2,0.258,0.288,0.29,0.578
Ramon Vazquez*\vazqura01,6/45D,17,35,5,8,0,4,0,0,0.229,0.222,0.229,0.451
Jorge Velandia\velanjo01,/65,9,9,1,0,0,0,0,2,0,0.182,0,0.182
Randy Velarde\velarra01,45D3/97,93,342,50,95,9,32,6,34,0.278,0.356,0.424,0.78
Randy Velarde\velarra01,4/35D9,78,296,46,88,9,31,4,29,0.297,0.369,0.456,0.825
Randy Velarde\velarra01,/5D739,15,46,4,7,0,1,2,5,0.152,0.278,0.217,0.495
Mike Venafro*\venafmi01,1,6,0,0,0,0,0,0,0,,,,
Robin Ventura*\venturo01,*5,142,456,70,108,21,61,2,88,0.237,0.359,0.419,0.778
Quilvio Veras#\verasqu01,4,71,258,39,65,3,25,7,24,0.252,0.33,0.357,0.686
Dave Veres\veresda01,1,69,3,0,0,0,0,0,0,0,0,0,0
Jose Vidro#\vidrojo01,*4/D,124,486,82,155,15,59,4,31,0.319,0.371,0.486,0.856
Ron Villone*\villoro01,1,51,22,2,1,0,0,0,0,0.045,0.045,0.091,0.136
Ron Villone*\villoro01,1,22,9,0,0,0,0,0,0,0,0,0,0
Ron Villone*\villoro01,1,29,13,2,1,0,0,0,0,0.077,0.077,0.154,0.231
Fernando Vina*\vinafe01,*4,154,631,95,191,9,56,17,32,0.303,0.357,0.418,0.775
Ken Vining*\vininke01,/1,2,0,0,0,0,0,0,0,,,,
Jose Vizcaino#\vizcajo01,64/5,107,256,38,71,1,14,3,15,0.277,0.322,0.344,0.666
Omar Vizquel#\vizquom01,*6,155,611,84,156,2,50,13,61,0.255,0.323,0.334,0.657
Ryan Vogelsong\vogelry01,1,13,10,0,1,0,0,0,0,0.1,0.1,0.2,0.3
Ryan Vogelsong\vogelry01,1,11,8,0,1,0,0,0,0,0.125,0.125,0.25,0.375
Ryan Vogelsong\vogelry01,/1,2,2,0,0,0,0,0,0,0,0,0,0
Ed Vosberg*\vosbeed01,1,16,0,0,0,0,0,0,0,,,,
Billy Wagner*\wagnebi02,1,63,0,0,0,0,0,0,0,,,,
Tim Wakefield\wakefti01,1,2,3,0,1,0,0,0,0,0.333,0.333,0.333,0.667
Chris Wakeland*\wakelch01,9,10,36,5,9,2,6,0,0,0.25,0.25,0.472,0.722
Matt Walbeck#\walbema01,,1,1,0,1,0,0,0,0,1,1,1,2
Kevin Walker*\walkeke02,1,16,0,0,0,0,0,0,0,,,,
Larry Walker*\walkela01,*9/D,142,497,107,174,38,123,14,82,0.35,0.449,0.662,1.111
Pete Walker\walkepe01,/1,2,1,0,0,0,0,0,0,0,0,0,0
Todd Walker*\walketo04,*4/6,151,551,93,163,17,75,1,51,0.296,0.355,0.459,0.814
Todd Walker*\walketo04,4,85,290,52,86,12,43,1,25,0.297,0.349,0.497,0.846
Todd Walker*\walketo04,42831,66,261,41,77,5,32,0,26,0.295,0.361,0.418,0.779
Donne Wall\walldo01,1,32,0,1,0,0,0,0,0,,,,
Jeff Wallace*\wallaje01,1,2,0,0,0,0,0,0,0,,,,
Daryle Ward*\wardda01,79/3D,95,213,21,56,9,39,0,19,0.263,0.323,0.46,0.783
Turner Ward#\wardtu01,,17,15,1,4,0,2,0,1,0.267,0.353,0.333,0.686
John Wasdin\wasdijo01,1,19,3,1,1,0,1,0,0,0.333,0.333,0.667,1
John Wasdin\wasdijo01,1,18,3,1,1,0,1,0,0,0.333,0.333,0.667,1
John Wasdin\wasdijo01,1,1,0,0,0,0,0,0,0,,,,
Jarrod Washburn*\washbja01,1,2,5,1,3,0,0,0,1,0.6,0.667,0.6,1.267
David Weathers\weathda01,1,78,1,0,0,0,0,0,1,0,0.5,0,0.5
David Weathers\weathda01,1,50,1,0,0,0,0,0,1,0,0.5,0,0.5
David Weathers\weathda01,1,28,0,0,0,0,0,0,0,,,,
Jeff Weaver\weaveje01,1,2,5,0,0,0,0,0,0,0,0,0,0
Ben Weber\weberbe01,1,4,0,0,0,0,0,0,0,,,,
John Wehner\wehnejo01,3/597428,43,51,3,10,0,2,2,10,0.196,0.328,0.216,0.544
Bob Wells\wellsbo01,1,4,0,0,0,0,0,0,0,,,,
David Wells*\wellsda01,1,1,2,0,0,0,0,0,0,0,0,0,0
Kip Wells\wellski01,1,3,6,1,1,0,0,1,0,0.167,0.167,0.167,0.333
Vernon Wells\wellsve01,42956,30,96,14,30,1,6,5,5,0.313,0.35,0.427,0.777
Turk Wendell#\wendetu01,1,67,2,0,0,0,0,0,0,0,0,0,0
Turk Wendell#\wendetu01,1,46,2,0,0,0,0,0,0,0,0,0,0
Turk Wendell#\wendetu01,1,21,0,0,0,0,0,0,0,,,,
Don Wengert\wengedo01,/1,4,3,0,0,0,0,0,1,0,0.25,0,0.25
Jake Westbrook\westbja01,1,3,1,0,0,0,0,0,0,0,0,0,0
Devon White#\whitede03,87/9,126,390,52,108,14,47,18,28,0.277,0.343,0.459,0.802
Gabe White*\whitega01,1,68,3,0,0,0,0,0,0,0,0,0,0
Rick White\whiteri01,1,52,3,0,0,0,0,0,0,0,0,0,0
Rondell White\whitero02,7,95,323,43,99,17,50,1,26,0.307,0.371,0.529,0.9
Matt Whiteside\whitema02,1,11,0,0,0,0,0,0,0,,,,
Bob Wickman\wickmbo01,1,3,0,0,0,0,0,0,0,,,,
Brad Wilkerson*\wilkebr01,7,47,117,11,24,1,5,2,17,0.205,0.304,0.325,0.628
Marc Wilkins\wilkima01,1,14,0,0,0,0,0,0,0,,,,
Rick Wilkins*\wilkiri01,/23,12,22,3,4,1,8,0,2,0.182,0.25,0.364,0.614
Bernie Williams#\willibe02,*8/D,146,540,102,166,26,94,11,78,0.307,0.395,0.522,0.917
David Williams*\willida07,1,20,34,1,4,0,2,0,0,0.118,0.118,0.176,0.294
Gerald Williams\willige02,89/D7,100,279,42,56,4,19,13,18,0.201,0.262,0.308,0.57
Gerald Williams\willige02,8,62,232,30,48,4,17,10,13,0.207,0.261,0.332,0.593
Gerald Williams\willige02,98/D7,38,47,12,8,0,2,3,5,0.17,0.264,0.191,0.456
Jeff Williams\willije02,1,13,4,0,0,0,0,0,0,0,0,0,0
Matt Williams\willima04,42861,106,408,58,112,16,65,1,22,0.275,0.314,0.466,0.78
Mike Williams\willimi03,1,63,0,0,0,0,0,0,0,,,,
Mike Williams\willimi03,1,38,0,0,0,0,0,0,0,,,,
Mike Williams\willimi03,1,25,0,0,0,0,0,0,0,,,,
Woody Williams\williwo02,1,37,82,11,16,0,7,0,3,0.195,0.227,0.256,0.483
Woody Williams\williwo02,1,26,55,7,9,0,4,0,2,0.164,0.2,0.218,0.418
Woody Williams\williwo02,1,11,27,4,7,0,3,0,1,0.259,0.286,0.333,0.619
Scott Williamson\willisc01,/1,2,0,0,0,0,0,0,0,,,,
Craig Wilson\wilsocr03,392/D7,88,158,27,49,13,32,3,15,0.31,0.39,0.589,0.979
Dan Wilson\wilsoda01,*2/3,123,377,44,100,10,42,3,20,0.265,0.305,0.403,0.708
Enrique Wilson#\wilsoen01,654/D,94,228,17,48,2,20,0,9,0.211,0.238,0.281,0.519
Enrique Wilson#\wilsoen01,64/5,46,129,7,24,1,8,0,3,0.186,0.203,0.233,0.436
Enrique Wilson#\wilsoen01,65/4D,48,99,10,24,1,12,0,6,0.242,0.283,0.343,0.626
Jack Wilson\wilsoja02,6,108,390,44,87,3,25,1,16,0.223,0.255,0.295,0.55
Kris Wilson\wilsokr01,1,1,3,1,1,0,0,0,0,0.333,0.333,0.333,0.667
Paul Wilson\wilsopa02,1,4,0,0,0,0,0,0,0,,,,
Preston Wilson\wilsopr01,*8,123,468,70,128,23,71,20,36,0.274,0.331,0.494,0.825
Tom Wilson\wilsoto02,/2,9,21,4,4,2,4,0,1,0.19,0.25,0.476,0.726
Vance Wilson\wilsova01,2,32,57,3,17,0,6,0,2,0.298,0.339,0.351,0.69
Scott Winchester\winchsc01,1,11,3,0,0,0,0,0,0,0,0,0,0
Randy Winn#\winnra01,*98/7D,128,429,54,117,6,50,12,38,0.273,0.339,0.401,0.74
Jay Witasick\witasja01,1,33,1,0,0,0,0,0,0,0,0,0,0
Jay Witasick\witasja01,1,30,1,0,0,0,0,0,0,0,0,0,0
Jay Witasick\witasja01,1,3,0,0,0,0,0,0,0,,,,
Bobby Witt\wittbo01,1,14,12,0,3,0,0,0,0,0.25,0.25,0.25,0.5
Kevin Witt*\wittke01,/3,14,27,5,5,2,5,0,2,0.185,0.233,0.407,0.641
Mark Wohlers\wohlema01,1,34,0,0,0,0,0,0,0,,,,
Mark Wohlers\wohlema01,1,29,0,0,0,0,0,0,0,,,,
Mark Wohlers\wohlema01,1,5,0,0,0,0,0,0,0,,,,
Randy Wolf*\wolfra02,1,25,45,2,8,0,2,0,3,0.178,0.229,0.178,0.407
Tony Womack*\womacto01,*6/8,125,481,66,128,3,30,28,23,0.266,0.307,0.345,0.652
Kerry Wood\woodke02,1,28,48,3,9,0,2,0,1,0.188,0.204,0.208,0.412
Steve Woodard*\woodast01,1,3,1,0,0,0,0,0,0,0,0,0,0
Chris Woodward\woodwch01,45/63D,37,63,9,12,2,5,0,1,0.19,0.203,0.397,0.6
Shawn Wooten\wootesh01,D23/5,79,221,24,69,8,32,2,5,0.312,0.332,0.466,0.798
Tim Worrell\worreti01,1,72,2,0,0,0,0,0,0,0,0,0,0
Jamey Wright\wrighja01,1,33,67,7,13,0,4,0,3,0.194,0.229,0.209,0.438
Jaret Wright\wrighja02,/1,1,2,0,1,0,0,0,0,0.5,0.5,0.5,1
Kelly Wunsch*\wunscke01,1,2,0,0,0,0,0,0,0,,,,
Esteban Yan\yanes01,1,2,0,0,0,0,0,0,0,,,,
Masato Yoshii\yoshima01,1,39,16,0,2,0,0,0,1,0.125,0.176,0.125,0.301
Dmitri Young#\youngdm01,735/9,142,540,68,163,21,69,8,37,0.302,0.35,0.481,0.832
Eric Young\younger01,*4,149,603,98,168,6,42,31,42,0.279,0.333,0.393,0.726
Kevin Young\youngke01,*3,142,449,53,104,14,65,15,42,0.232,0.31,0.399,0.708
Michael Young\youngmi02,4,106,386,57,96,11,49,3,26,0.249,0.298,0.402,0.699
Carlos Zambrano#\zambrca01,/1,6,2,0,0,0,0,0,0,0,0,0,0
Victor Zambrano#\zambrvi01,1,3,0,0,0,0,0,0,0,,,,
Gregg Zaun#\zaungr01,2/D,39,125,15,40,6,18,1,12,0.32,0.377,0.536,0.913
Todd Zeile\zeileto01,*3,151,531,66,141,10,62,1,73,0.266,0.359,0.373,0.732
Chad Zerbe*\zerbech01,1,26,9,1,2,0,1,0,0,0.222,0.222,0.222,0.444
Jeff Zimmerman\zimmeje02,1,3,0,0,0,0,0,0,0,,,,
Barry Zito*\zitoba01,1,2,5,0,0,0,0,0,0,0,0,0,0
Julio Zuleta\zuletju01,3,49,106,11,23,6,24,0,8,0.217,0.288,0.415,0.703
